schoolid,tracking,bottomhalf,scoreendfirstgrade
430,1,1,-1.111392
430,1,1,-1.4037104
430,1,1,-.34807268
430,1,1,-.70543778
430,1,1,-.85904211
430,1,1,-.3606118
430,1,1,.36038798
430,1,1,-.19681945
430,1,1,.019480512
430,1,1,.13390005
430,1,1,.087662004
430,1,1,-.49619105
430,1,1,-.4170379
430,1,1,-1.1772224
430,1,1,.05944895
430,1,1,-.30888784
430,1,1,.43797371
430,1,1,-.98756808
430,1,1,-1.0283203
430,1,1,-.32064325
430,1,1,-.81515515
430,1,1,-.95386922
430,1,1,-.7140584
430,1,1,.085310966
430,1,1,.19424461
430,1,1,-.040864058
430,1,1,-.21014227
430,1,0,-.22268137
430,1,0,-.4797335
430,1,0,-1.119229
430,1,0,-.34728897
430,1,0,-.68819642
430,1,0,-.58083016
430,1,0,.075122908
430,1,0,-.012651004
430,1,0,.26007497
430,1,0,-.60512477
430,1,0,-.23522048
430,1,0,-.81593877
430,1,0,-.4609248
430,1,0,.92229772
430,1,0,.20991857
430,1,0,-.27989119
430,1,0,1.3078759
430,1,0,1.8674343
430,1,0,.00067180925
430,1,0,-.087885812
430,1,0,.045342423
430,1,0,-.38490626
430,1,0,2.0320103
430,1,0,.9599151
430,1,0,-.70700514
430,1,0,.65192264
432,1,1,-.48992157
432,1,1,-.98443329
432,1,1,-.99070287
432,1,1,-1.0361573
432,1,1,-.5471313
432,1,1,-1.0870974
432,1,1,-.85277247
432,1,1,-.47659865
432,1,1,-1.0816115
432,1,1,-.43114433
432,1,1,-1.1254985
432,1,1,-.66155082
432,1,1,.038289215
432,1,1,-.98286599
432,1,1,-.13960963
432,1,1,-.2430575
432,1,1,.42621842
432,1,1,-.69916821
432,1,1,.33060771
432,1,1,-.76186383
432,1,1,-.30732054
432,1,1,-.81672251
432,1,1,-.75872904
432,1,1,-.66938776
432,1,1,.39800537
432,1,1,.70678133
432,1,0,-.091020562
432,1,0,.099417493
432,1,0,-.29948351
432,1,0,.23813152
432,1,0,-1.1490093
432,1,0,.3180685
432,1,0,.88389659
432,1,0,.63624883
432,1,0,-.15685092
432,1,0,.13154891
432,1,0,.032803323
432,1,0,.19894679
432,1,0,1.2600704
432,1,0,-.10355966
432,1,0,-.10042492
432,1,0,-.74462253
432,1,0,.068853304
432,1,0,-.63490516
432,1,0,-.24462482
432,1,0,-.3245618
432,1,0,-.0063815066
432,1,0,.94972706
432,1,0,1.7882811
432,1,0,1.5743321
436,1,1,-.56593996
436,1,1,-1.3801996
436,1,1,-1.4013593
436,1,1,-.77126819
436,1,1,-1.4295723
436,1,1,-1.1607648
436,1,1,-.85277247
436,1,1,-1.203868
436,1,1,-1.2649963
436,1,1,-.57142586
436,1,1,-.84963775
436,1,1,-.77126819
436,1,1,-1.1239312
436,1,1,-.86452794
436,1,1,.015562049
436,1,1,-1.3637419
436,1,1,-.12080093
436,1,1,-.52440411
436,1,1,-1.2924256
436,1,1,-.054970585
436,1,1,.73264325
436,1,1,-.28851184
436,1,0,-.64901173
436,1,0,1.1025475
436,1,0,.94972706
436,1,0,.5437727
436,1,0,-.21954651
436,1,0,1.5962757
436,1,0,.99361396
436,1,0,.19032615
436,1,0,-.53772694
436,1,0,-1.4013593
436,1,0,2.4277766
436,1,0,-.27205417
436,1,0,1.3102268
436,1,0,-1.2979115
436,1,0,.58374125
436,1,0,1.659755
436,1,0,.44502714
436,1,0,.97167057
436,1,0,.89800322
436,1,0,1.3400073
436,1,0,.89173353
436,1,0,1.575116
436,1,0,.93640411
443,0,0,-.17017384
443,0,0,.39173588
443,0,0,.79377162
443,0,1,-1.2696985
443,0,0,-.47268018
443,0,0,1.541417
443,0,0,.84706289
443,0,1,-.81358773
443,0,0,-.35826063
443,0,1,-.81515515
443,0,0,-.28380954
443,0,0,-.52675527
443,0,1,.82276839
443,0,0,.079825081
443,0,0,1.505367
443,0,1,-1.3316104
443,0,1,-.73286706
443,0,1,-.6772247
443,0,1,-.9060638
443,0,1,-1.2352159
443,0,1,-.35747692
443,0,1,-.17017384
443,0,1,-1.0361573
443,0,0,1.4379693
443,0,0,.30239454
443,0,1,1.0806041
443,0,1,-1.4295723
443,0,0,-.88803881
443,0,1,-.85198879
443,0,0,.34001184
443,0,1,-.34180307
443,0,0,-.097290166
443,0,0,1.4277813
443,0,1,-.099641196
443,0,0,.5978477
443,0,1,1.318064
443,0,0,.24518484
443,0,0,-.88098556
443,0,1,-.8982268
443,0,0,.041423962
443,0,1,-1.3355289
443,0,0,2.1824799
443,0,0,1.4559941
443,0,1,-.30026722
443,0,0,1.3070922
443,0,1,1.1911051
443,0,1,-1.0839627
443,0,1,-.7218954
451,0,0,.99518138
451,0,0,-1.0745583
451,0,1,-1.319855
451,0,1,-1.000891
451,0,0,-.68349427
451,0,0,-1.111392
451,0,0,-1.0181322
451,0,0,-1.0925833
451,0,1,-.067509681
451,0,1,-.70308667
451,0,0,-1.1881942
451,0,0,-1.0455616
451,0,1,-1.2869397
451,0,0,.15976197
451,0,0,-.28380954
451,0,0,-1.4107636
451,0,1,-1.3637419
451,0,0,-.85825837
451,0,0,.37762925
451,0,1,-1.4131147
451,0,0,.31336632
451,0,0,-.76813334
451,0,0,-.40293127
451,0,0,-.70543778
451,0,1,-1.319855
451,0,0,-.91860288
451,0,1,-.38568997
451,0,0,-.99070287
451,0,1,-1.0988529
451,0,1,-1.2822376
451,0,1,-.30888784
451,0,1,-1.0659376
451,0,0,-.73365074
451,0,0,-.62079865
451,0,0,-1.319855
451,0,0,-1.1411724
451,0,1,-1.2352159
451,0,0,-.50951385
451,0,0,-.097290166
451,0,0,-.33004758
452,1,1,-.88412029
452,1,1,-1.4295723
452,1,1,-1.2508898
452,1,1,-.82455945
452,1,1,.27888367
452,1,1,-.96875942
452,1,1,-1.4295723
452,1,1,-.83866596
452,1,1,1.0782531
452,1,1,-1.1772224
452,1,1,-.99070287
452,1,1,-1.0596681
452,1,1,-.68349427
452,1,1,.69894439
452,1,1,-.061240081
452,1,1,-.73678559
452,1,1,-1.3143691
452,1,1,.051612027
452,1,1,-.78694206
452,1,1,-.20779113
452,1,1,-.17409219
452,1,1,.27574891
452,1,1,.24126627
452,1,1,.86665529
452,1,1,.14879018
452,1,1,-.88098556
452,1,1,1.5578748
452,1,0,.52339661
452,1,0,-.802616
452,1,0,.22245766
452,1,0,-.77126819
452,1,0,.45443147
452,1,0,-.91860294
452,1,0,-.34728897
452,1,0,.34784898
452,1,0,1.4755865
452,1,0,-.6450932
452,1,0,-.26029879
452,1,0,-.26656827
452,1,0,-.13020529
452,1,0,-.35434219
452,1,0,.41054437
452,1,0,.36352283
452,1,0,-1.1043388
452,1,0,1.3486279
452,1,0,.0053739846
452,1,0,.63781625
452,1,0,.15505989
452,1,0,.17857066
456,1,1,-1.2101376
456,1,1,-1.3049648
456,1,1,-1.4295723
456,1,1,-1.4201679
456,1,1,-1.4295723
456,1,1,-1.4295723
456,1,1,-1.119229
456,1,1,-1.255592
456,1,1,-.856691
456,1,1,-.99070287
456,1,1,-.99227029
456,1,1,-1.2007333
456,1,1,-1.3104507
456,1,1,-1.0408593
456,1,1,-.92330509
456,1,1,-1.2101376
456,1,1,-1.0361573
456,1,1,-1.3872528
456,1,1,-1.3355289
456,1,1,-.95935512
456,1,1,-.74775732
456,1,1,-.081616208
456,1,1,-1.4201679
456,1,1,-.25716391
456,1,1,-.70700514
456,1,1,-1.3010463
456,1,1,-.85904211
456,1,1,-1.08553
456,1,0,-.34023565
456,1,0,-.45073673
456,1,0,-.68349427
456,1,0,-.59258562
456,1,0,-.9060638
456,1,0,-.74932474
456,1,0,-.87785071
456,1,0,-.075346611
456,1,0,-.26500094
456,1,0,-.21954662
456,1,0,-.64666057
456,1,0,.11430763
456,1,0,-.70543778
456,1,0,-.87001383
456,1,0,-.14117707
456,1,0,-1.1678181
456,1,0,-1.227379
456,1,0,-.57691169
456,1,1,-.8715812
456,1,0,-.79791379
456,1,0,.14722286
456,1,0,-.73051602
456,1,0,.12841415
456,1,0,-.46405953
456,1,0,.20991847
456,1,0,-.080048785
456,1,0,-.14431182
456,1,0,.32277068
456,1,0,.29769236
483,0,0,1.5061507
483,0,0,.81728238
483,0,0,.77104455
483,0,1,-1.3308268
483,0,0,1.1244911
483,0,0,.23656419
483,0,0,.17230116
483,0,0,-.75245947
483,0,1,-.856691
483,0,1,-1.4013593
483,0,0,-1.0714235
483,0,1,-1.4131147
483,0,1,-1.3167201
483,0,0,.3494162
483,0,0,1.4246465
483,0,0,-.51108128
483,0,1,-1.3143691
483,0,0,-1.1145267
483,0,0,-.015785754
483,0,1,.19581194
483,0,0,1.0884411
483,0,1,-.8465029
483,0,1,-.94133008
483,0,1,-1.3088832
483,0,1,-1.1349028
483,0,0,1.448941
483,0,0,1.1464344
483,0,0,.29455763
483,0,1,-1.0486964
483,0,1,-.96875942
483,0,0,.661327
483,0,1,-.21641177
483,0,0,.16916631
483,0,1,-.46719429
483,0,0,.30474567
483,0,0,-.87314862
483,0,1,-1.4295723
483,0,1,-1.1764387
483,0,0,-.39195958
483,0,0,.12841415
483,0,0,-.4374139
483,0,1,-.93427682
483,0,0,.056314204
483,0,1,-.85669094
483,0,0,-.82534313
483,0,1,-.025190104
483,0,1,.12763055
483,0,0,.16603157
483,0,1,-.45778993
483,0,1,-.94054639
483,0,0,.32198697
483,0,0,.69267493
483,0,0,-.35434219
483,0,1,-.98913544
483,0,1,-.51421607
483,0,1,.32277068
483,0,0,.66994786
484,0,1,-.92487246
484,0,0,1.3611671
484,0,0,-.88568771
484,0,1,-.68584538
484,0,0,2.5868664
484,0,1,-.50167692
484,0,1,-.55967039
484,0,1,.02810115
484,0,1,-.42957699
484,0,0,1.8674343
484,0,0,2.2075584
484,0,0,1.7874975
484,0,0,2.2224483
484,0,1,-.81515515
484,0,1,1.7451779
484,0,1,-.22268137
484,0,0,1.5359312
484,0,0,1.2490987
484,0,0,1.2820138
484,0,1,.87214106
484,0,1,-.6772247
484,0,1,-.29791617
484,0,1,.16054568
484,0,1,.561014
484,0,0,-.28302595
484,0,0,1.4724519
484,0,0,2.2859275
484,0,0,-.19133358
484,0,1,1.7067767
484,0,1,-.90449643
484,0,0,1.168378
484,0,1,-.33553347
484,0,0,1.4285648
484,0,1,1.4646147
484,0,0,1.5453354
484,0,0,2.1801291
484,0,0,-.23835532
484,0,1,-1.1098247
484,0,0,1.927779
484,0,0,1.0202596
484,0,0,.52653146
484,0,0,.90035415
484,0,0,-.49227259
484,0,0,.77731389
484,0,1,1.3729224
484,0,1,.55631191
484,0,1,.0053739846
484,0,1,.035938073
484,0,1,-.5737769
484,0,1,2.1064613
484,0,0,.12214456
484,0,0,-.12158465
484,0,0,.59157819
485,0,0,-.26029879
485,0,0,1.471668
485,0,0,.92308122
485,0,0,-.49227259
485,0,1,-.72424644
485,0,0,-.62393343
485,0,1,-1.3284756
485,0,0,-.34572154
485,0,1,-1.4295723
485,0,1,.55709565
485,0,0,.59628028
485,0,0,1.7412593
485,0,1,-1.4295723
485,0,0,1.1973748
485,0,0,-1.4295723
485,0,1,-1.3801996
485,0,0,.32982379
485,0,1,-.76813334
485,0,1,-1.0949343
485,0,1,-1.4295723
485,0,0,.5367195
485,0,0,.78985304
485,0,0,-1.3143691
485,0,0,-1.4295723
485,0,0,-.59963888
485,0,0,.23342934
485,0,0,.05944895
485,0,0,-.33004758
485,0,0,1.3149291
485,0,0,-.80183226
485,0,0,1.08609
485,0,0,-.31515744
485,0,0,.59706396
485,0,1,-.65606493
485,0,1,-1.1834919
485,0,1,-1.2885071
485,0,1,-.26029879
485,0,0,.12527941
485,0,0,.5100739
485,0,1,-.82299209
485,0,0,-.44211608
485,0,1,-1.3143691
485,0,1,-.26500094
485,0,0,-1.2211094
485,0,1,-1.319855
485,0,1,1.0226107
485,0,0,-1.3778484
485,0,1,-1.1004202
485,0,0,.13938594
485,0,0,-1.1254985
485,0,1,-1.2704822
485,0,0,-.10826184
485,0,1,-1.1811409
485,0,1,-1.1004202
485,0,1,-1.3849016
485,0,1,-.56985843
488,1,1,-.33239874
488,1,1,.37292719
488,1,1,-.4107683
488,1,1,-1.1004202
488,1,1,-.80810183
488,1,1,-.99070287
488,1,1,-1.2101376
488,1,1,-.46719429
488,1,1,-.16939011
488,1,1,.33766091
488,1,1,.38860103
488,1,1,.13781852
488,1,1,-1.0784768
488,1,1,.96461719
488,1,1,.74126387
488,1,1,-1.319855
488,1,1,-.23365314
488,1,1,-.28224224
488,1,1,.098633781
488,1,1,-.35747692
488,1,1,-1.2101376
488,1,1,.012427196
488,1,1,-1.2101376
488,1,1,.76947713
488,1,1,-.70543778
488,1,0,1.8360865
488,1,0,-.30105093
488,1,0,-1.1035551
488,1,0,.3854664
488,1,0,-.096506454
488,1,0,1.039852
488,1,0,-.021271642
488,1,0,1.0273128
488,1,0,.78044873
488,1,0,-.79869753
488,1,0,-.3606118
488,1,0,.97088665
488,1,0,-.73051602
488,1,0,-.69211489
488,1,0,-.31045529
488,1,0,-.44211608
488,1,0,-.74148774
488,1,0,.71461844
488,1,0,.47872597
488,1,0,1.0265293
488,1,0,-.11296401
488,1,0,.98264217
488,1,0,2.2545798
488,1,0,.27731624
488,1,0,-.26970312
488,1,0,.31336632
488,1,0,.96383345
488,1,0,-.076130323
488,1,0,-.13804221
488,1,0,1.9309136
488,1,0,.86665529
490,1,1,-1.4295723
490,1,1,-1.4201679
490,1,1,.32747287
490,1,1,-.27754006
490,1,1,-.74383885
490,1,1,-1.1043388
490,1,1,-1.0502638
490,1,1,-.7062214
490,1,1,-.39822918
490,1,1,-1.4295723
490,1,1,-.10355966
490,1,1,.20835114
490,1,1,-1.4295723
490,1,1,-.74227148
490,1,1,-.79477906
490,1,1,-.52518785
490,1,1,-1.4107636
490,1,1,.30709672
490,1,1,.69580978
490,1,1,-.61374539
490,1,1,-.033027131
490,1,1,-.19760317
490,1,1,-.15920205
490,1,1,.02810115
490,1,1,.10020121
490,1,1,.80395967
490,1,0,.18484026
490,1,0,.18562397
490,1,0,-.48600298
490,1,0,-.30575311
490,1,0,.15192504
490,1,0,-.38255525
490,1,0,1.7036421
490,1,0,-.025190104
490,1,0,.31493366
490,1,0,.24910319
490,1,0,-.70543778
490,1,0,-.63647258
490,1,0,-.33083132
490,1,0,-.21327703
490,1,0,-.70543778
490,1,0,1.3211986
490,1,0,-.37471831
490,1,0,-.13882592
490,1,0,.04064025
490,1,0,.66367817
490,1,0,.25458917
490,1,0,.10333595
490,1,0,.41838151
490,1,0,.043775104
490,1,0,.92229772
490,1,0,-.084750958
490,1,0,-.32612923
490,1,0,1.062579
490,1,0,.44267601
490,1,0,.25850755
490,1,0,1.6503507
492,1,1,-.96875942
492,1,1,-1.4295723
492,1,1,-1.3104507
492,1,1,-.88098556
492,1,1,-1.3966571
492,1,1,-1.0345899
492,1,1,-1.2211094
492,1,1,-1.4295723
492,1,1,-1.0910159
492,1,1,-1.2430528
492,1,1,-1.3104507
492,1,1,-.44289979
492,1,1,-.48443568
492,1,1,-1.2211094
492,1,1,.12684684
492,1,1,-.80575079
492,1,1,-1.2414855
492,1,1,-1.0910159
492,1,1,-.46719429
492,1,1,-.66938776
492,1,1,-.83553118
492,1,0,-.26029879
492,1,0,-.44525084
492,1,0,-1.1599811
492,1,0,-.78694206
492,1,0,.60960317
492,1,0,-.60198998
492,1,0,.36665767
492,1,0,-.57691169
492,1,0,.24440111
492,1,0,-.37942049
492,1,0,-.74932474
492,1,0,-1.1254985
492,1,0,-.21641177
492,1,0,1.5257431
492,1,0,.28280213
492,1,0,.2694793
492,1,0,-.014218431
492,1,0,1.3744898
492,1,0,.021047939
492,1,0,-.802616
492,1,0,-.19681945
492,1,0,-.28851184
492,1,0,1.719316
492,1,0,.60411716
494,1,1,-1.0439942
494,1,1,1.1009802
494,1,1,-1.0439942
494,1,1,-1.2736169
494,1,1,-1.2822376
494,1,1,-1.3465006
494,1,1,-.085534669
494,1,1,-.91546816
494,1,1,-1.2587267
494,1,1,-1.2046517
494,1,1,-1.1004202
494,1,1,-.62314975
494,1,1,-.88098556
494,1,1,-.77126819
494,1,1,-.21719548
494,1,1,-.40920088
494,1,1,-.76186383
494,1,1,-.99070287
494,1,1,-.54478025
494,1,1,-.42252368
494,1,1,-.29478133
494,1,1,-.66155082
494,1,1,-.080832496
494,1,1,-1.2610778
494,1,0,-.74697357
494,1,0,-.53302473
494,1,0,-.75402689
494,1,0,-.0032466529
494,1,0,-.6772247
494,1,0,-1.0345899
494,1,0,-.56829107
494,1,0,-.51891822
494,1,0,-.20622382
494,1,0,-.10512709
494,1,0,-1.0628029
494,1,0,-.54242909
494,1,0,-.73051602
494,1,0,-1.2305137
494,1,0,-.96248984
494,1,0,-.098857485
494,1,0,-.99070287
494,1,0,.064151123
494,1,0,-.71876055
494,1,0,-1.1631159
494,1,0,-.66782033
494,1,0,-.49697477
494,1,0,-.33239874
494,1,0,-.89665943
494,1,0,-1.0972854
494,1,0,-.36923242
494,1,0,1.2396942
495,0,1,-.88098556
495,0,1,-1.3966571
495,0,0,-.7657823
495,0,0,-.09023685
495,0,1,-.55183345
495,0,1,-1.3966571
495,0,1,-.78380728
495,0,0,-.98756808
495,0,1,-1.402143
495,0,1,-1.2508898
495,0,1,-.57847905
495,0,1,-1.1004202
495,0,0,.44345972
495,0,0,-1.1584136
495,0,0,-.80575079
495,0,0,-.58083022
495,0,0,.021831546
495,0,1,-.65606493
495,0,1,-1.2046517
495,0,1,-1.2649963
495,0,0,-.94368118
495,0,0,.21148589
495,0,0,-1.1552789
495,0,0,-.65214646
495,0,0,.22872727
495,0,0,-.094155312
495,0,1,-1.4295723
495,0,1,-1.1952474
495,0,0,-.88098556
495,0,0,1.4998813
495,0,0,.25694022
495,0,1,-1.3543376
495,0,1,-.58631605
495,0,0,-1.4295723
495,0,0,-1.319855
495,0,1,-1.0972854
495,0,0,-.21170959
495,0,1,-.88098556
495,0,0,-.81907356
495,0,0,1.021827
495,0,1,-.98913544
495,0,0,.12292827
495,0,1,-1.2979115
495,0,1,-1.0729909
495,0,1,-1.0628029
495,0,1,-1.0455616
495,0,0,-.87941808
495,0,1,-1.1552789
495,0,0,.85960186
495,0,0,.7655586
495,0,1,-1.0729909
495,0,1,-.73051602
496,0,1,1.2373432
496,0,0,.55317706
496,0,0,1.9606941
496,0,0,.011643587
496,0,0,.224025
496,0,0,.24126627
496,0,0,-.13647489
496,0,0,-.21797919
496,0,1,.72559005
496,0,0,-.8715812
496,0,0,-.44368351
496,0,0,1.8799734
496,0,0,.33766091
496,0,1,.90740734
496,0,1,.15976197
496,0,1,.16916631
496,0,1,-.62550086
496,0,1,-.084750958
496,0,1,2.0657094
496,0,1,.3744944
496,0,1,-.60198998
496,0,1,-.73678559
496,0,1,-.2367879
496,0,1,-.50167692
496,0,0,.55004245
496,0,0,.8964358
496,0,0,.46305212
496,0,0,.45443147
496,0,1,-1.0063767
496,0,0,.27104676
496,0,0,1.5233921
496,0,1,-.56280524
496,0,1,.47559133
496,0,0,.39173588
496,0,1,.23969895
496,0,1,.87762707
496,0,1,-.070644535
496,0,1,-.15685092
496,0,1,-.5471313
496,0,0,.12136095
496,0,1,1.4544268
496,0,0,2.2059908
496,0,1,.37919667
496,0,1,1.4818561
496,0,0,1.6754289
496,0,0,.90035415
496,0,0,.43640649
496,0,0,1.4779377
496,0,0,2.6048915
496,0,0,.53201723
496,0,0,.15662721
496,0,0,1.2059954
496,0,0,1.4246465
498,1,0,-.19995421
498,1,1,-.24775957
498,1,1,-.68427795
498,1,1,-1.319855
498,1,1,-.20622382
498,1,1,-1.1928964
498,1,1,.93718785
498,1,1,-.96013874
498,1,1,.55004245
498,1,1,-.58083022
498,1,1,-1.0055931
498,1,1,-.3182922
498,1,1,-.90841484
498,1,1,-.65057909
498,1,1,-1.2070028
498,1,1,-.3167249
498,1,1,-1.2791028
498,1,1,-.78380728
498,1,1,-1.3637419
498,1,1,.50693905
498,1,1,-.29478133
498,1,1,-1.1819246
498,1,1,-.030675992
498,1,1,.14330439
498,1,1,-.71249104
498,1,1,-.21954662
498,1,1,.24440111
498,1,1,.99047929
498,1,0,-.22503251
498,1,0,-.5314573
498,1,0,.99674881
498,1,0,-.49697477
498,1,0,-.22895098
498,1,0,.50145322
498,1,0,-.70778883
498,1,0,-.10199223
498,1,0,-.41390303
498,1,0,.41054437
498,1,0,-.32064325
498,1,0,.45991728
498,1,0,1.3799758
498,1,0,.69659328
498,1,0,1.1143031
498,1,0,.0375055
498,1,0,-.10434338
498,1,0,-.45935738
498,1,0,.68640542
498,1,0,.062583804
498,1,0,.51477593
498,1,0,.35646963
498,1,1,-.27754006
500,1,1,.30161095
500,1,1,.013210909
500,1,1,1.430916
500,1,1,.9403227
500,1,1,-.19054985
500,1,1,-.76891708
500,1,1,2.1244864
500,1,1,-.62079865
500,1,1,.15114132
500,1,1,.78358358
500,1,1,-.24070635
500,1,1,-1.1254985
500,1,1,1.7177485
500,1,1,.43405536
500,1,1,.010859874
500,1,1,1.6268399
500,1,1,.05944895
500,1,1,-.7508921
500,1,1,-1.0596681
500,1,1,.71305102
500,1,1,-1.0972854
500,1,1,-.66390193
500,1,0,.46383584
500,1,0,2.5280893
500,1,0,.63781625
500,1,0,1.6503507
500,1,0,1.9191581
500,1,0,1.8979985
500,1,0,2.6268351
500,1,0,-.56593996
500,1,0,1.7733909
500,1,0,.64408571
500,1,0,1.2733933
500,1,0,1.2569356
500,1,0,1.528878
500,1,0,1.7263691
500,1,0,.18640758
500,1,0,.53907067
500,1,0,3.2584939
500,1,0,1.7052094
500,1,0,.4614847
500,1,0,.75223565
500,1,0,1.7279366
500,1,0,1.0907921
500,1,0,2.249094
500,1,0,1.0962781
500,1,0,2.2396896
500,1,0,2.1409442
500,1,0,1.9881234
500,1,0,2.1142983
500,1,0,2.4951746
500,1,0,2.9842005
666,1,1,-1.1349028
666,1,1,-1.0345899
666,1,1,-.59023452
666,1,1,.51164109
666,1,1,-.94681591
666,1,1,-.20073792
666,1,1,-.6450932
666,1,1,-.17644332
666,1,1,-.63333774
666,1,1,2.1997211
666,1,1,.61665636
666,1,1,1.9779353
666,1,1,.81258035
666,1,1,2.4559894
666,1,1,1.8337355
666,1,1,.018696798
666,1,1,1.6605387
666,1,1,1.9411017
666,1,1,-.46876171
666,1,0,1.5374987
666,1,0,-.20700753
666,1,0,1.0171247
666,1,0,-.22581622
666,1,0,1.4403203
666,1,0,1.0406357
666,1,0,1.400352
666,1,0,1.7647703
666,1,0,2.7663331
666,1,0,1.9842048
666,1,0,1.8086572
666,1,0,1.5155551
666,1,0,2.4983091
666,1,0,1.9857723
666,1,0,1.9481548
666,1,0,1.8384374
666,1,0,2.0594397
666,1,0,1.4465899
666,1,0,2.5829484
666,1,0,2.383106
668,0,0,-1.0345899
668,0,0,1.8211962
668,0,0,.013210909
668,0,1,-1.3543376
668,0,1,-.95778763
668,0,0,1.5923574
668,0,0,-.12707055
668,0,0,1.2639887
668,0,1,.70991617
668,0,1,1.7663378
668,0,1,-1.2979115
668,0,1,.78123242
668,0,0,-.66155082
668,0,0,2.1856148
668,0,0,1.0186921
668,0,0,-.056537908
668,0,1,.44502714
668,0,0,1.5500376
668,0,0,-1.2352159
668,0,0,1.1260586
668,0,1,1.312578
668,0,0,1.2632053
668,0,1,2.0853016
668,0,1,.23656419
668,0,1,1.4512919
668,0,0,2.2075584
668,0,1,-.89665943
668,0,1,-.65214646
668,0,1,-.27910748
668,0,0,.084527254
668,0,1,1.19424
668,0,0,-.0682934
668,0,0,1.860381
668,0,0,.36038798
668,0,1,-1.4131147
668,0,1,.35960448
668,0,1,-.044782519
668,0,1,-.46014109
668,0,0,2.004581
668,0,1,-1.319855
668,0,1,1.6934539
668,0,1,-.18819882
668,0,0,1.9089702
668,0,1,-.75402689
668,0,0,.85725093
668,0,0,.17230116
668,0,1,-1.1074735
668,0,0,.42308357
668,0,1,-1.0965018
668,0,0,1.104115
668,0,1,-.37628564
670,0,0,2.887022
670,0,0,1.358816
670,0,0,.19189358
670,0,0,2.192668
670,0,0,1.9669635
670,0,0,1.2255876
670,0,0,1.2749605
670,0,0,1.5226083
670,0,1,1.1315444
670,0,1,.71461844
670,0,1,1.8149269
670,0,1,-.21014227
670,0,1,-.081616208
670,0,1,.23969895
670,0,1,-.11923351
670,0,1,-.80575079
670,0,0,2.0320103
670,0,0,1.5837367
670,0,0,2.0061483
670,0,0,1.451292
670,0,0,1.4042703
670,0,0,1.7624192
670,0,0,1.8290334
670,0,0,2.1362419
670,0,0,.54220527
670,0,0,1.5962757
670,0,1,1.2467475
670,0,1,.035154466
670,0,1,1.4050539
670,0,1,1.8956475
670,0,1,.050828315
670,0,1,2.2075584
670,0,1,-1.0251855
670,0,1,2.6644526
670,0,0,.40740973
670,0,1,-.72111166
670,0,1,1.1785659
670,0,1,-.12863787
675,1,1,-.37942049
675,1,1,.12214456
675,1,1,-.94681591
675,1,1,.18797502
675,1,1,.91054219
675,1,1,1.6033289
675,1,1,.0249664
675,1,1,-.081616208
675,1,1,-.13255642
675,1,1,-.39509434
675,1,1,-.83004528
675,1,1,.20756742
675,1,1,-.18271293
675,1,1,.64408571
675,1,1,-.71954429
675,1,1,.28045109
675,1,1,.32277068
675,1,1,1.5085019
675,1,1,.89878672
675,1,1,.82433581
675,1,1,.35490218
675,1,1,1.0751182
675,1,1,.26712829
675,1,1,-.044782519
675,1,1,-.39979652
675,1,1,1.1911054
675,1,1,.37919667
675,1,1,-.50324428
675,1,1,-.84963775
675,1,0,.8188498
675,1,0,1.0226107
675,1,0,1.2443966
675,1,0,1.7169648
675,1,0,1.0743345
675,1,0,-.30732042
675,1,0,1.6918867
675,1,0,-.72581387
675,1,0,1.0774692
675,1,0,.83373994
675,1,0,.25302175
675,1,0,.59392935
675,1,0,1.687968
675,1,0,-.41311932
675,1,0,-.41703779
675,1,0,1.3235497
675,1,0,.79298794
675,1,0,1.4810725
675,1,0,1.2169672
675,1,0,1.9081866
675,1,0,.85411608
675,1,0,2.7412548
675,1,0,1.0602279
675,1,0,1.4034866
676,0,0,2.596271
676,0,0,-.085534669
676,0,0,2.0186872
676,0,0,.17073373
676,0,0,.75850534
676,0,1,-1.0949343
676,0,1,-.99070287
676,0,1,-.65057909
676,0,1,.0030228447
676,0,0,-.74932474
676,0,1,-1.0181322
676,0,0,2.6346722
676,0,1,-1.319855
676,0,1,-.83161277
676,0,1,-1.0455616
676,0,0,1.9990952
676,0,1,-.74932474
676,0,0,2.2263665
676,0,1,-.64979535
676,0,0,.38703382
676,0,1,-.98521698
676,0,0,2.6425095
676,0,0,.41994894
676,0,1,-1.0620192
676,0,1,.12057723
676,0,1,1.6809149
676,0,1,-.16782269
676,0,0,.46226841
676,0,1,-.5737769
676,0,0,.32668915
676,0,1,-.98756808
676,0,0,1.89408
676,0,0,.28828803
676,0,0,2.3447051
676,0,1,2.5641398
676,0,0,1.770256
676,0,0,1.927779
676,0,1,-1.319855
676,0,0,-1.2211094
676,0,1,-.77126819
676,0,0,.35176733
676,0,0,.015562049
676,0,0,1.637028
676,0,0,-.42565852
676,0,0,2.8274612
676,0,1,-.740704
676,0,0,1.3227661
676,0,0,.35490218
676,0,1,1.3211986
676,0,1,-.33239874
678,1,1,-1.1748713
678,1,1,-1.319855
678,1,1,-1.4295723
678,1,1,-1.0878811
678,1,1,-.7775377
678,1,1,-.85904211
678,1,1,-1.2924256
678,1,1,-.45857364
678,1,1,.46070099
678,1,1,2.2122602
678,1,1,-.41625419
678,1,1,-.43271175
678,1,1,-1.2187582
678,1,1,-.6450932
678,1,1,.30161095
678,1,1,-.20622382
678,1,1,.22872716
678,1,1,1.8298171
678,1,0,-.66155082
678,1,0,-1.1278496
678,1,0,-.52205294
678,1,0,1.7036419
678,1,0,1.4701008
678,1,0,-.20230524
678,1,0,1.9849887
678,1,0,-.60982692
678,1,0,-.39509434
678,1,0,.86665529
678,1,0,.98342586
678,1,0,1.2326411
678,1,0,.84784657
678,1,0,.51085758
678,1,0,1.5719812
678,1,0,1.5124203
678,1,0,.11744248
678,1,0,.62214237
678,1,0,.38468269
678,1,0,.97872382
678,1,0,-.27283788
680,1,1,.44502714
680,1,1,-1.4295723
680,1,1,2.1338904
680,1,1,.35725313
680,1,1,.2561565
680,1,1,-.43114433
680,1,1,.0077251247
680,1,1,-.16390423
680,1,1,.14487183
680,1,1,.86430418
680,1,1,.4293533
680,1,1,-.49148887
680,1,1,-.33239874
680,1,1,.56728369
680,1,1,-.55183345
680,1,1,-.33866835
680,1,1,-.54086167
680,1,1,-.7164095
680,1,1,1.0516073
680,1,1,1.7389082
680,1,1,-.047133554
680,1,1,.83530742
680,1,1,.84000969
680,1,1,.3737109
680,1,0,.030452184
680,1,0,1.1848356
680,1,0,1.9058354
680,1,0,.73969668
680,1,0,1.4638313
680,1,0,-.11766618
680,1,0,1.5422007
680,1,0,1.2130487
680,1,0,.97480524
680,1,0,.87057388
680,1,0,.57276946
680,1,0,.016345762
680,1,0,1.1613246
680,1,0,1.0280964
680,1,0,1.0555258
680,1,0,1.577467
680,1,0,1.6182193
680,1,0,2.5547352
680,1,0,2.1605363
680,1,0,.9771564
680,1,0,1.8807572
680,1,0,2.5437636
685,1,1,-1.4295723
685,1,1,-1.3966571
685,1,1,-1.0565333
685,1,1,-.90057796
685,1,1,-.86844641
685,1,1,-.77361923
685,1,1,-.87549967
685,1,1,.14487183
685,1,1,-.61374539
685,1,1,1.1197889
685,1,1,-1.2101376
685,1,1,-.63412148
685,1,1,-.086318389
685,1,1,-.85120511
685,1,1,1.423079
685,1,1,1.1652431
685,1,1,.4371902
685,1,1,1.1871867
685,1,1,.29612494
685,1,1,1.6832658
685,1,1,.65740842
685,1,1,2.0265245
685,1,1,.53123373
685,1,1,1.9661801
685,1,1,1.3517628
685,1,1,-.42017263
685,1,0,.1127402
685,1,0,2.3243289
685,1,0,-1.319855
685,1,0,.34549785
685,1,0,2.5531678
685,1,0,-1.2649963
685,1,0,-.16939011
685,1,0,-.083183534
685,1,0,-1.4295723
685,1,0,1.9074028
685,1,0,-.88725507
685,1,0,.7726118
685,1,0,-.31045529
685,1,0,1.6150844
685,1,0,.99439764
685,1,0,2.1190007
685,1,0,-.88098556
685,1,0,-.81515515
685,1,0,1.9990952
685,1,0,.23891523
685,1,0,.092364177
685,1,0,1.3729227
685,1,0,.057097916
685,1,0,.44267601
685,1,0,2.0884364
685,1,1,-.21719548
687,1,1,-.33239874
687,1,1,-.66155082
687,1,1,-1.4295723
687,1,1,.29299021
687,1,1,-.18819882
687,1,1,-.81515515
687,1,1,-1.0784768
687,1,1,1.5555234
687,1,1,-.3606118
687,1,1,-1.3747137
687,1,1,-.67879206
687,1,1,-.81280404
687,1,1,.53280115
687,1,1,-.55340087
687,1,1,-.79321164
687,1,1,-.065942258
687,1,1,.12684684
687,1,1,-.22111395
687,1,1,-.70543778
687,1,1,-.28537697
687,1,1,-.19211729
687,1,1,-.90841484
687,1,1,.28045109
687,1,1,.92073029
687,1,1,1.1048987
687,1,0,.65975976
687,1,1,-.21641177
687,1,1,.15349247
687,1,1,.66446185
687,1,1,-.74305511
687,1,1,2.0147691
687,1,1,1.2240205
687,1,0,1.1205726
687,1,0,1.595492
687,1,0,.20678371
687,1,0,.88859862
687,1,0,-.49462363
687,1,0,1.4653987
687,1,0,1.4936116
687,1,0,-.99070287
687,1,0,.59236193
687,1,0,.14957389
687,1,0,-.4123356
687,1,0,1.7969017
687,1,0,1.9473714
687,1,0,2.2733886
687,1,0,1.3509791
687,1,0,.81806612
687,1,0,1.871353
687,1,0,1.199726
687,1,0,.63938367
687,1,0,.98969537
687,1,0,2.4269931
687,1,0,.54220527
687,1,0,2.084518
687,1,0,.66916394
687,1,0,1.8235476
687,1,0,1.9183745
687,1,0,.045342531
687,1,0,1.9105376
691,1,1,-1.0839627
691,1,1,-1.4295723
691,1,1,-1.1294169
691,1,1,-.90292901
691,1,1,-.26656827
691,1,1,-1.291642
691,1,1,-1.2430528
691,1,1,-1.1975985
691,1,1,-.059672758
691,1,1,.89408463
691,1,1,-.67408991
691,1,1,-.20230524
691,1,1,1.5194734
691,1,1,.26007497
691,1,1,-.87941813
691,1,1,1.0962781
691,1,1,1.51869
691,1,1,-.62079865
691,1,1,-.53929436
691,1,1,.20835114
691,1,1,-1.0839627
691,1,1,.7052139
691,1,1,-.37079984
691,1,1,-.73992038
691,1,1,.25537279
691,1,1,-.58318126
691,1,1,.05944895
691,1,1,1.2443966
691,1,0,-1.0533985
691,1,0,1.286716
691,1,0,-.92173767
691,1,0,-.45779005
691,1,0,-.92487246
691,1,0,-1.4295723
691,1,0,-.40528241
691,1,0,-.29948351
691,1,0,-1.1631159
691,1,0,-1.2822376
691,1,0,-.064374827
691,1,0,-.39822918
691,1,0,-.083183534
691,1,0,.26869559
691,1,0,-.22268137
691,1,0,.072771765
691,1,0,-.24619225
691,1,0,.3690086
691,1,0,.57276946
691,1,0,.93875527
691,1,0,-.13177271
691,1,0,.55787933
691,1,0,-.88098556
691,1,0,-.091020562
691,1,0,1.1832682
691,1,0,1.4669659
692,1,1,2.4128861
692,1,1,-.85904211
692,1,1,.34471413
692,1,1,2.4019146
692,1,1,.65819234
692,1,1,1.8219801
692,1,1,-.029892279
692,1,1,-.50167692
692,1,1,.12057723
692,1,1,2.3392189
692,1,1,.79533905
692,1,1,.50302047
692,1,1,.7224552
692,1,1,-.091020562
692,1,1,-.10982916
692,1,0,.17308488
692,1,0,1.5484703
692,1,0,1.9309136
692,1,0,-.22738355
692,1,0,2.2475266
692,1,0,.28828803
692,1,0,.5100739
692,1,0,-.3606118
692,1,0,-.42644224
692,1,0,.68640518
692,1,0,2.1346745
692,1,0,1.3729227
692,1,0,2.3846734
692,1,0,2.2663352
692,1,0,2.3721344
692,1,0,2.9136679
693,0,0,-.40920088
693,0,0,-.34101936
693,0,1,-.78223991
693,0,0,-.25716391
693,0,0,1.4708844
693,0,1,-.17252487
693,0,1,-.58631605
693,0,1,-1.1066898
693,0,0,-.85904211
693,0,1,-.66703671
693,0,1,-1.0784768
693,0,0,-1.402143
693,0,1,-.096506454
693,0,0,.050828315
693,0,1,-.92643988
693,0,0,1.4638313
693,0,1,-.62001497
693,0,1,.29377392
693,0,0,-.20073792
693,0,0,.77888131
693,0,0,-1.0980692
693,0,0,.25380546
693,0,1,.22167395
693,0,0,-.51343232
693,0,0,-1.2101376
693,0,0,1.4685335
693,0,1,-1.0455616
693,0,0,-.15136513
693,0,0,.20913486
693,0,0,1.4293487
693,0,0,.57590431
693,0,0,-1.4295723
693,0,0,1.5766833
693,0,0,.90897477
693,0,1,-1.4295723
693,0,0,1.400352
693,0,0,-.48600298
693,0,0,-.78772581
693,0,0,.9779399
693,0,0,1.4998813
693,0,1,-.67565733
693,0,0,-.028324854
693,0,0,1.3376561
693,0,1,-1.1278496
695,1,1,-.73443449
695,1,1,-.29007927
695,1,1,-.77988881
695,1,1,-1.4295723
695,1,1,-.33788463
695,1,1,-.63020301
695,1,1,-.48443568
695,1,1,-.37628564
695,1,1,-.74305511
695,1,1,-1.0016747
695,1,1,1.0900084
695,1,1,-.95151812
695,1,1,.22089024
695,1,1,-.084750958
695,1,1,.75772166
695,1,1,-1.2156235
695,1,1,1.098629
695,1,1,.49596724
695,1,1,1.1934563
695,1,1,-.22268137
695,1,1,1.2287225
695,1,1,.85568351
695,1,1,.37919667
695,1,1,-1.1466583
695,1,1,.17230116
695,1,1,-.61531276
695,1,1,-.63960737
695,1,1,-.28694439
695,1,1,.75693792
695,1,0,.78750193
695,1,0,.50380439
695,1,0,.24048266
695,1,0,-.064374939
695,1,0,-.064374939
695,1,0,-.00011190413
695,1,0,.72088796
695,1,0,-.87549967
695,1,0,1.366653
695,1,0,-.24619225
695,1,0,-.28224224
695,1,0,-.59258562
695,1,0,-.34493783
695,1,0,.15819463
695,1,0,.91759539
695,1,0,.92308122
695,1,0,-.48600298
695,1,0,1.1675943
695,1,0,1.4912606
695,1,0,1.2193182
695,1,0,-.46719429
695,1,0,.19737937
695,1,0,.099417493
695,1,0,-.37001613
695,1,0,.32277068
695,1,0,-.22268137
695,1,0,1.0077206
695,1,0,1.2569356
695,1,0,.38703382
699,1,1,-.10355966
699,1,1,1.9591266
699,1,1,.62214237
699,1,1,1.369004
699,1,1,.19110987
699,1,1,1.7796605
699,1,1,1.5461193
699,1,1,-.21014227
699,1,1,1.0014509
699,1,1,.99674857
699,1,1,.27888367
699,1,1,.78828585
699,1,1,.34001184
699,1,1,1.240478
699,1,1,-.72424644
699,1,1,.90113783
699,1,1,1.955992
699,1,1,-.2242488
699,1,1,.90348899
699,1,1,.7114836
699,1,1,1.5163386
699,1,1,.010076161
699,1,1,.90505642
699,1,1,.15192504
699,1,1,2.006932
699,1,0,.24440111
699,1,0,-.21797919
699,1,0,1.5578746
699,1,0,-.89352465
699,1,0,1.871353
699,1,0,-.4664107
699,1,0,2.1526997
699,1,0,-.33239874
699,1,0,.12371198
699,1,0,1.081388
699,1,0,2.084518
699,1,0,-.30418569
699,1,0,1.0798205
699,1,0,1.6981561
699,1,0,.2122695
699,1,0,1.8306007
699,1,0,2.0249572
699,1,0,.40740973
699,1,0,1.2624216
699,1,0,.20991857
699,1,0,1.3791919
699,1,0,2.0414147
699,1,0,2.0461168
699,1,0,1.8658668
699,1,0,2.7835743
699,1,0,2.0132015
709,0,0,.95521283
709,0,0,1.1025475
709,0,0,.9042725
709,0,0,.17621952
709,0,0,1.7255855
709,0,0,.25694022
709,0,0,-.26186621
709,0,0,1.9262115
709,0,0,.003806558
709,0,0,.40819344
709,0,0,-.59728777
709,0,1,-1.0753419
709,0,1,-1.3253409
709,0,0,.0061576981
709,0,0,-1.4295723
709,0,1,-1.2101376
709,0,1,-1.2696985
709,0,1,-.12393579
709,0,0,.8164987
709,0,0,.94110638
709,0,1,-.21170959
709,0,0,-.27910748
709,0,0,.45834985
709,0,1,-.025190104
709,0,1,-.56280518
709,0,0,-.44211608
709,0,1,-.63960737
709,0,1,-.65606493
709,0,1,-.60512477
709,0,1,-.46719429
709,0,0,.42308357
709,0,1,1.6425138
709,0,1,.7114836
709,0,0,-.55183345
709,0,0,.77026063
709,0,0,.05944895
709,0,1,.1503576
709,0,1,-.047133554
709,0,1,-.83161277
709,0,1,-1.2375669
710,0,0,1.3211986
710,0,0,2.6973677
710,0,0,1.8141429
710,0,1,-.83004528
710,0,0,.70286298
710,0,1,-.89195728
710,0,0,.33609349
710,0,1,-.45857364
710,0,0,-.083967246
710,0,1,-.91390073
710,0,1,1.2146161
710,0,0,-.97502899
710,0,0,-.0063814018
710,0,0,-.16312052
710,0,1,-1.2979115
710,0,1,-1.319855
710,0,0,.59079444
710,0,0,1.6260562
710,0,0,1.7114788
710,0,1,-1.3637419
710,0,0,1.6644573
710,0,1,-.11296401
710,0,1,-1.2258115
710,0,0,-.15058142
710,0,0,.43170443
710,0,1,-.73600191
710,0,0,.36979234
710,0,0,-.44681826
710,0,0,1.0751182
710,0,0,2.0774646
710,0,1,.95599651
710,0,1,-1.0808278
710,0,0,-.32221067
710,0,1,-1.0330224
710,0,0,-1.3856853
710,0,1,-1.2101376
710,0,0,-.15214884
710,0,0,-.61139429
710,0,0,-.79321164
710,0,1,-.52675527
710,0,1,-1.01343
710,0,1,.55160964
710,0,0,.26085868
710,0,1,-1.0714235
710,0,0,-.37628564
710,0,1,-.37863678
710,0,0,-.47111285
710,0,1,-1.3143691
711,1,1,-.83082902
711,1,1,-.92487246
711,1,1,-.26656827
711,1,1,-.75716162
711,1,1,1.7302876
711,1,1,.019480512
711,1,1,.3619554
711,1,1,-.59258562
711,1,1,-.17017384
711,1,1,-1.3190713
711,1,1,.17700323
711,1,1,-.36688128
711,1,1,.6237098
711,1,1,1.6080312
711,1,1,-.53459215
711,1,1,-1.0102953
711,1,1,.92621607
711,1,0,-.61296171
711,1,0,2.3180592
711,1,0,1.3729227
711,1,0,1.4653986
711,1,0,2.1299722
711,1,0,1.0970618
711,1,0,.11587506
711,1,0,1.7914159
711,1,0,.20208155
711,1,0,1.865867
711,1,0,.22010653
711,1,0,.80474341
711,1,0,.061016377
711,1,0,1.4630474
711,1,0,1.2412617
711,1,0,1.1950237
711,1,0,1.7577169
711,1,0,1.0179086
711,1,1,.0061576981
712,1,1,-.12550321
712,1,1,-1.3801996
712,1,1,-1.0620192
712,1,1,.29925981
712,1,1,-.097290166
712,1,1,-.21014217
712,1,1,-.25559661
712,1,1,-.93584418
712,1,1,-1.4295723
712,1,1,1.3627346
712,1,1,1.9912583
712,1,1,2.5014439
712,1,1,-.8276943
712,1,1,.50929016
712,1,1,-1.0251855
712,1,1,-.77126819
712,1,1,2.3462725
712,1,1,2.3337331
712,1,1,.61508894
712,1,1,1.8541118
712,1,1,-.55810302
712,1,1,-.21954662
712,1,1,1.9497223
712,1,1,2.3556767
712,1,0,.46383584
712,1,0,.051612027
712,1,0,.51477593
712,1,0,.17935437
712,1,0,.054746881
712,1,0,-1.2242441
712,1,0,1.0288802
712,1,0,1.5680627
712,1,0,.17543592
712,1,0,1.8932961
712,1,0,-.85120511
712,1,0,.49048147
712,1,0,2.5249546
712,1,0,1.3987845
712,1,0,1.5860876
712,1,0,2.084518
712,1,0,1.2083466
712,1,0,2.8964267
712,1,0,2.5970545
715,0,1,-.7508921
715,0,0,-.45935738
715,0,0,.32198697
715,0,0,-.19760317
715,0,0,-.35199115
715,0,1,.79298794
715,0,0,-.32142696
715,0,0,.70991617
715,0,1,-.79164428
715,0,1,.14565554
715,0,0,-.77126819
715,0,1,-.69446605
715,0,1,.2561565
715,0,1,-.55183345
715,0,1,-.79634643
715,0,0,-.41311932
715,0,0,-.82455945
715,0,0,.04690985
715,0,0,-.31045529
715,0,1,-1.1693854
715,0,0,-.15763463
715,0,1,.1683826
715,0,0,-.22346509
715,0,0,.02810115
715,0,0,-.18506397
715,0,0,-.7657823
715,0,0,-1.3355289
715,0,0,.65975976
715,0,0,-.96327353
715,0,1,.53985435
715,0,0,2.4481528
715,0,0,.77026087
715,0,1,-.61139429
715,0,0,.039072927
715,0,0,.00067180925
715,0,1,1.132328
715,0,0,-.64901173
715,0,1,-1.2258115
715,0,0,-.99070287
715,0,1,-.17644332
715,0,1,-.87001383
715,0,1,-1.1004202
715,0,1,-.60198998
715,0,1,-1.0157812
715,0,0,.1746522
715,0,1,-.40763354
715,0,0,1.3368727
715,0,1,-.77440298
715,0,1,-.21797919
715,0,1,-1.1443073
715,0,1,-1.2696985
717,1,1,.5100739
717,1,1,.0500446
717,1,1,.055530488
717,1,1,-.67252254
717,1,1,.56258142
717,1,1,1.9293461
717,1,1,-.28302595
717,1,1,-.71797687
717,1,1,.2616424
717,1,1,-.2610825
717,1,1,-.0032466529
717,1,1,.0053739846
717,1,1,-.81515515
717,1,1,-.33631718
717,1,1,-.5471313
717,1,1,1.7271529
717,1,1,-.025190104
717,1,1,1.5719812
717,1,1,1.1260586
717,1,1,.43797371
717,1,1,1.4199442
717,1,1,1.8125756
717,1,1,-.14352821
717,1,1,-.42017263
717,1,1,.95364541
717,1,1,.89878672
717,1,1,-.40136394
717,1,1,.731076
717,1,0,-.97424525
717,1,0,1.4708844
717,1,0,-.59572041
717,1,0,2.1260538
717,1,0,1.8682182
717,1,0,-.70543778
717,1,0,1.9826376
717,1,0,.093931608
717,1,0,1.7796605
717,1,0,-.34728897
717,1,0,2.1033268
717,1,0,.32904029
717,1,0,1.528878
717,1,0,.31336632
717,1,0,1.8995658
717,1,0,1.0766857
717,1,0,1.5610094
717,1,0,-.57926279
717,1,0,-.44211608
717,1,0,-.34964001
717,1,0,-.78772581
717,1,0,1.837654
717,1,0,-.10199223
717,1,0,2.4489362
717,1,0,1.5437682
717,1,0,2.0829506
717,1,0,2.1197841
717,1,0,2.1323235
717,1,0,1.6644573
719,0,0,.1503576
719,0,0,.18797502
719,0,1,-.91233331
719,0,0,2.4512875
719,0,0,-.70857257
719,0,1,-.96405727
719,0,1,-.2626498
719,0,0,.18327284
719,0,0,2.4363971
719,0,0,.043775104
719,0,0,-.52048564
719,0,1,-.55183345
719,0,1,1.3094434
719,0,1,.36352283
719,0,1,-1.2485387
719,0,0,.15505989
719,0,1,-.2250324
719,0,1,-.44211608
719,0,1,-.20073792
719,0,1,-.82847792
719,0,1,.16603157
719,0,0,.021831546
719,0,1,.018696798
719,0,0,-1.1881942
719,0,0,-.091020562
719,0,0,-.29948351
719,0,0,.29455763
720,0,1,.47559133
720,0,1,.76164001
720,0,1,.49361631
720,0,0,-.25402918
720,0,1,1.068065
720,0,1,-.3433705
720,0,1,.3737109
720,0,0,.47245649
720,0,1,-.44211608
720,0,1,-.28851184
720,0,0,2.488905
720,0,0,-.059672758
720,0,1,.56258142
720,0,0,-.39822918
720,0,0,2.4215069
720,0,1,1.276528
720,0,0,1.4058378
720,0,1,-.0071651153
720,0,1,.30709672
720,0,0,.89173353
720,0,1,-.68427795
720,0,1,.76320744
720,0,0,1.1048987
720,0,0,2.3337331
720,0,0,.97637266
720,0,1,1.318064
720,0,0,-.69995189
720,0,1,.017129475
720,0,0,2.6299701
720,0,0,2.2898464
720,0,0,1.1738638
720,0,1,2.035145
720,0,1,.72245538
720,0,0,1.896431
720,0,0,1.8180614
720,0,1,-1.1717366
720,0,0,1.6926701
720,0,1,-.47032914
720,0,1,-.66468561
720,0,0,-.25559661
720,0,0,.89800322
720,0,0,2.6691549
722,0,1,-.43976495
722,0,0,.60803574
722,0,0,-.67252254
722,0,0,1.6033289
722,0,0,-.90292901
722,0,0,-.51186502
722,0,1,-.63020301
722,0,1,-.065942258
722,0,1,-1.4131147
722,0,0,-.091020457
722,0,0,.097066358
722,0,0,2.1440785
722,0,0,.084527254
722,0,0,-.73835295
722,0,0,.15976197
722,0,0,2.0210388
722,0,1,-1.0385083
722,0,0,.43562278
722,0,1,-1.1004202
722,0,0,.98342586
722,0,1,-1.0690724
722,0,0,-.45779005
722,0,1,-.31750861
722,0,0,1.4912606
722,0,0,.046126138
722,0,0,.6315465
722,0,1,-1.2540245
722,0,0,1.5625769
722,0,0,-1.4295723
722,0,0,-.062807508
722,0,0,-.014218431
722,0,1,-.79086059
722,0,1,-1.0345899
722,0,1,-.85904211
722,0,1,-.68819642
722,0,1,.8290379
722,0,1,-.42017263
722,0,1,-.86217684
723,1,1,-.35590962
723,1,1,-1.4295723
723,1,1,-.72738123
723,1,1,-1.2618614
723,1,1,-1.1772224
723,1,1,-1.2704822
723,1,1,-1.4295723
723,1,1,-.61844754
723,1,1,.33139122
723,1,1,-.41468674
723,1,1,-.26656827
723,1,1,-.748541
723,1,1,.44110858
723,1,1,-.88098556
723,1,1,.76007259
723,1,1,-.42800957
723,1,1,.13468376
723,1,1,.56179768
723,1,1,.23969895
723,1,1,-1.3363125
723,1,1,-.065942258
723,1,1,.095498927
723,1,1,-.85904211
723,1,1,-.76029646
723,1,1,.60490108
723,1,0,1.8909452
723,1,0,-1.4295723
723,1,0,.17857066
723,1,0,-1.1035551
723,1,0,.32590541
723,1,0,-.59493667
723,1,0,.077473938
723,1,0,.267912
723,1,0,-.48443568
723,1,0,1.5163388
723,1,0,-.65136278
723,1,0,-.72267908
723,1,0,-.34180307
723,1,0,1.8580301
723,1,0,-.6278519
723,1,0,-.39039227
723,1,0,2.3447051
723,1,0,.93091834
723,1,0,.19189347
723,1,0,-.44211608
723,1,0,.16289681
723,1,0,-.35434228
723,1,0,.66602927
723,1,0,-.21641177
723,1,0,2.0100667
725,1,1,-.9695431
725,1,1,-.55261719
725,1,1,1.9403181
725,1,1,1.4144584
725,1,1,-1.0925833
725,1,1,1.850193
725,1,1,-1.2979115
725,1,1,-1.067505
725,1,1,.45208034
725,1,1,-.79399532
725,1,1,-.094155312
725,1,1,.9403227
725,1,1,.30239454
725,1,1,-.99070287
725,1,1,.31963584
725,1,1,1.0649302
725,1,1,1.9011333
725,1,1,.98342586
725,1,0,.071204439
725,1,0,1.6840495
725,1,0,.3690086
725,1,0,1.5233921
725,1,0,1.5335801
725,1,0,1.6456486
725,1,0,.16289681
725,1,0,1.1448673
725,1,0,2.1636713
725,1,0,.25694022
725,1,0,-.28302595
725,1,0,-.24775957
725,1,0,1.5978432
725,1,0,1.6613225
725,1,0,2.0273082
725,1,0,1.3885964
725,1,0,.92621607
725,1,0,1.4379692
725,1,0,1.3682203
725,1,0,.67151505
725,1,0,1.742043
725,1,0,1.7616354
725,1,0,2.5563025
725,1,1,-.31985962
732,0,0,-.57456064
732,0,1,-1.1325518
732,0,1,-.63098669
732,0,1,-.93584418
732,0,0,-.25089443
732,0,0,.017913189
732,0,0,-.42173997
732,0,1,-1.2446202
732,0,1,-1.1106083
732,0,0,.424651
732,0,0,-.029892279
732,0,0,.63781625
732,0,0,.45286405
732,0,0,-.34023565
732,0,1,-.9060638
732,0,1,-1.4295723
732,0,1,-.76813334
732,0,0,-1.2375669
732,0,1,-1.3355289
732,0,1,-.80575079
732,0,0,-.29713246
732,0,1,-1.22973
732,0,1,-.46170852
732,0,0,-.3872574
732,0,0,-.74932474
732,0,1,-.60120624
732,0,0,-.59336931
732,0,0,-.8120203
732,0,0,.86978996
732,0,1,-1.3167201
732,0,0,-.7164095
732,0,1,1.8125756
732,0,1,-.79634643
732,0,0,-.089453138
732,0,0,.66446185
732,0,1,-.87549967
732,0,0,-.33866823
732,0,0,-.90292901
732,0,0,-.90763116
732,0,1,-.50246066
732,0,1,-.87471592
732,0,0,.57512063
732,0,0,-.24462493
734,1,1,.084527254
734,1,1,-1.1168779
734,1,1,-.89352465
734,1,1,.96148252
734,1,1,-.55261719
734,1,1,-.76186383
734,1,1,-1.2446202
734,1,1,-.95857137
734,1,1,-.29007915
734,1,1,-.28067482
734,1,1,.72088796
734,1,1,-.63960737
734,1,1,-.33710089
734,1,1,-.49854219
734,1,1,-.040080342
734,1,1,-.30888784
734,1,1,-.36531395
734,1,1,-.45622262
734,1,1,.21462063
734,1,1,1.1370301
734,1,0,.52026194
734,1,0,-.56829101
734,1,0,.54534012
734,1,0,-.10669441
734,1,0,2.2600656
734,1,0,-.015785754
734,1,0,.31493366
734,1,0,.11900991
734,1,0,-.71719313
734,1,0,2.2240157
734,1,0,1.3972172
734,1,0,-.48913786
734,1,0,-.067509681
734,1,0,.83060533
734,1,0,1.3243334
734,1,0,2.1252704
734,1,0,.71618587
734,1,0,2.4136701
734,1,0,2.5641398
734,1,0,1.5359312
734,1,0,.22559242
734,1,0,1.9834213
734,1,0,2.4936068
734,1,0,2.3909426
734,1,0,2.1550505
735,1,1,-1.3825506
735,1,1,-1.3872528
735,1,1,-.76186383
735,1,1,-.89195728
735,1,1,-1.312018
735,1,1,-1.2791028
735,1,1,-1.4107636
735,1,1,-1.3637419
735,1,1,-.55183345
735,1,1,-1.3637419
735,1,1,-1.3943061
735,1,1,-1.2320811
735,1,1,-1.3449333
735,1,1,1.1001966
735,1,1,.82120097
735,1,1,-1.1443073
735,1,1,-.44211608
735,1,1,-.87549967
735,1,1,-.99697244
735,1,1,-.87941808
735,1,1,-1.0533985
735,1,1,-1.1004202
735,1,1,1.837654
735,1,1,-.16939011
735,1,1,.0045902715
735,1,1,.18954244
735,1,1,.13781852
735,1,1,-1.3966571
735,1,1,-.53615957
735,1,0,-.99070287
735,1,0,-.33239874
735,1,0,.94972706
735,1,0,1.282014
735,1,0,-1.0204834
735,1,0,.94580847
735,1,0,.19737937
735,1,0,.24126627
735,1,0,.013994622
735,1,0,.7114836
735,1,0,1.2976878
735,1,0,.37606183
735,1,0,1.8000365
735,1,0,1.3172801
735,1,0,-.6772247
735,1,0,.41524667
735,1,0,1.3682203
735,1,0,1.5970592
735,1,0,2.5508168
735,1,0,2.832947
735,1,0,1.1503531
735,1,0,.54534012
735,1,0,1.7882811
735,1,0,1.546903
735,1,0,1.5813856
735,1,0,2.6127286
739,0,1,-.033027131
739,0,1,-1.1552789
739,0,1,-.8370986
739,0,0,-.0032466529
739,0,0,.661327
739,0,0,.10490328
739,0,1,-.83474749
739,0,1,-1.4295723
739,0,0,.31023157
739,0,1,1.7671212
739,0,0,-.57691169
739,0,1,-1.3143691
739,0,1,.9599151
739,0,1,.54063785
739,0,1,2.4740145
739,0,1,.21305321
739,0,0,1.4505084
739,0,0,.41054457
739,0,0,.91994655
739,0,0,.25694022
739,0,1,-1.1443073
739,0,1,.57198578
739,0,1,-1.3355289
739,0,0,-.011083578
739,0,0,2.5641398
739,0,0,2.1785614
739,0,0,2.357244
739,0,0,1.009288
739,0,0,2.0892198
739,0,0,-.45152044
739,0,0,-.3872574
740,1,1,-1.2101376
740,1,1,-.29164657
740,1,1,-1.0181322
740,1,1,-.27910748
740,1,1,.267912
740,1,1,-1.4295723
740,1,1,-.24619225
740,1,1,.65427381
740,1,1,-1.2070028
740,1,1,-.87549967
740,1,1,-.88098556
740,1,1,-.58788341
740,1,1,.27418149
740,1,1,-1.2375669
740,1,1,.22872716
740,1,1,1.5876551
740,1,1,-.39822918
740,1,1,.20678371
740,1,0,.76320744
740,1,0,.29455763
740,1,0,.11587506
740,1,0,.42386729
740,1,0,.27104676
740,1,0,-.88098556
740,1,0,.71775311
740,1,0,.56963462
740,1,0,.79847372
740,1,0,.91837913
740,1,0,.60803574
740,1,0,-.043998808
740,1,0,2.3117895
740,1,0,1.7044256
740,1,0,1.471668
740,1,0,-.45073673
740,1,0,1.0061531
740,1,0,.50302064
740,1,0,.56728369
740,1,0,1.4959627
740,1,0,.6417346
740,1,0,2.3776202
740,1,0,.91367704
740,1,0,.7052139
769,0,0,-.18819882
769,0,0,-.85904211
769,0,0,2.8509722
769,0,0,-.24149008
769,0,1,-.99070287
769,0,1,-1.3747137
769,0,0,.9168117
769,0,0,1.2161833
769,0,1,-1.0988529
769,0,1,-.46405953
769,0,0,2.0288756
769,0,1,.073555477
769,0,0,1.3838942
769,0,1,-.97816378
769,0,1,-1.4295723
769,0,1,-1.402143
769,0,1,-.90841484
769,0,0,.35490218
769,0,1,-.4107683
769,0,1,-.44368351
769,0,0,2.1942353
769,0,1,-1.4295723
769,0,0,.35803705
769,0,1,-1.1364702
769,0,1,2.1197841
769,0,0,1.1769987
769,0,1,-.98756808
769,0,1,-.99070287
769,0,1,-1.1552789
769,0,0,-1.0471289
769,0,0,1.9873396
769,0,1,-1.2791028
769,0,1,-.90292901
769,0,0,-.0095161507
769,0,1,-.97424525
769,0,0,-.26029879
769,0,0,.068069592
769,0,0,-.50951397
769,0,0,.74439871
769,0,1,-.32926387
769,0,0,1.567279
769,0,0,-.77126819
769,0,0,1.4528595
769,0,0,.3494164
769,0,1,.33217493
769,0,0,.26477724
769,0,0,.40740973
769,0,1,-1.203868
769,0,1,-1.3747137
769,0,0,1.996744
769,0,0,-.35904437
769,0,1,-.78380734
770,0,1,-.16782269
770,0,0,-.51891822
770,0,1,-1.2704822
770,0,0,-.77126819
770,0,0,-.6529302
770,0,0,.18013808
770,0,0,-.15998577
770,0,1,-.64039105
770,0,1,-1.3308268
770,0,1,-1.4295723
770,0,1,-1.4131147
770,0,1,-1.3731463
770,0,1,-.98913544
770,0,0,1.8219801
770,0,0,-1.319855
770,0,0,-.43898135
770,0,0,-.12707055
770,0,1,-.61139429
770,0,1,-1.0330224
770,0,1,-1.2704822
770,0,1,-1.319855
770,0,0,-.0032466529
770,0,0,.20443268
770,0,1,-.60355735
770,0,0,1.9191581
770,0,1,-1.2375669
770,0,0,-.50167692
770,0,0,2.3697829
770,0,0,-.73992038
770,0,1,-.36217922
770,0,0,-.59572041
770,0,0,-.44211608
770,0,1,-.91390073
770,0,1,-1.2955604
770,0,0,-.99070287
770,0,1,-1.4131147
770,0,1,-1.1341192
770,0,1,-1.3582561
770,0,0,.16132939
771,0,0,1.0390682
771,0,1,.74596614
771,0,1,.0249664
771,0,0,-.075346611
771,0,1,-.99070287
771,0,1,-.72581387
771,0,0,.2616424
771,0,0,.0030229492
771,0,0,-.21014227
771,0,0,-.16312052
771,0,1,-.25873134
771,0,0,.77574664
771,0,0,.57041836
771,0,0,-.4609248
771,0,0,-.7775377
771,0,1,-1.4295723
771,0,1,.55474448
771,0,1,1.1425159
771,0,0,-.13647489
771,0,0,.068853304
771,0,1,-.26656827
771,0,1,1.3838942
771,0,1,.56806719
771,0,0,1.9826374
771,0,1,-.89038986
771,0,0,1.9896908
771,0,0,1.451292
771,0,0,.47637504
771,0,1,-.51578349
771,0,1,-.33239874
771,0,0,1.0202596
771,0,0,1.1926725
771,0,1,1.4559941
771,0,0,.99361396
771,0,0,.8603856
771,0,0,.12214456
771,0,1,-.40920088
771,0,1,-.015785754
771,0,1,-1.2101376
771,0,1,-.9280073
771,0,0,.61273801
771,0,0,1.6989398
771,0,1,-.86217684
771,0,0,.69424236
771,0,1,.56258142
771,0,1,-1.4131147
771,0,0,2.394861
771,0,1,-1.2046517
771,0,1,-1.2101376
771,0,1,-.49697477
771,0,0,.10568699
771,0,0,1.1182214
771,0,1,-1.1004202
771,0,0,-1.1004202
771,0,1,-1.1223637
777,0,1,-.82612687
777,0,1,-.42957699
777,0,0,.065718554
777,0,1,-.99070287
777,0,1,-1.3253409
777,0,0,.17778695
777,0,1,1.1464347
777,0,0,.72323912
777,0,0,1.3454931
777,0,0,-.60198998
777,0,1,.89016604
777,0,1,2.1323235
777,0,0,1.0022346
777,0,0,-.34964001
777,0,1,-.24462482
777,0,0,.52888256
777,0,0,-.45543891
777,0,0,.84314454
777,0,1,-.27910748
777,0,0,.71461844
777,0,1,-.18506397
777,0,1,-.92879093
777,0,1,-.19838679
777,0,1,-.64901173
777,0,1,-1.319855
777,0,1,1.9716659
777,0,1,-1.3096669
777,0,1,.26320982
777,0,0,.28358585
777,0,0,1.1848356
777,0,0,-.064374939
777,0,1,-.31280631
777,0,1,-.72111166
778,1,1,-1.4295723
778,1,1,-1.1646832
778,1,1,-1.0408593
778,1,1,-1.0063767
778,1,1,-1.3919549
778,1,1,-.42957699
778,1,1,-.63177037
778,1,1,-.098857485
778,1,1,.59392935
778,1,1,.27183047
778,1,1,-.79948121
778,1,1,-1.4295723
778,1,1,-1.1278496
778,1,1,1.7044256
778,1,1,-.4483856
778,1,1,-.33866823
778,1,1,-.77361923
778,1,1,.082959831
778,1,1,1.0390682
778,1,1,-1.1537116
778,1,1,.45834985
778,1,1,.64251852
778,1,1,.20835114
778,1,1,1.6299745
778,1,1,-.28459325
778,1,1,.95364541
778,1,1,-.14039335
778,1,0,-.6623345
778,1,0,2.346272
778,1,0,-.99070287
778,1,0,-.21170959
778,1,0,.32590541
778,1,0,.4810771
778,1,0,1.6033289
778,1,0,-.62079865
778,1,0,-.58631605
778,1,0,1.4701008
778,1,0,.026533827
778,1,0,1.2334248
778,1,0,.55160987
778,1,0,2.0782483
778,1,0,.51085758
778,1,0,1.4614801
778,1,0,-.49384001
778,1,0,1.1668106
778,1,0,.95521283
778,1,0,.36509025
778,1,0,1.3643018
778,1,0,2.3157082
778,1,0,2.673857
786,0,1,-1.0839627
786,0,1,-.098857589
786,0,1,-1.4295723
786,0,1,1.8149267
786,0,1,.77417922
786,0,1,2.5617883
786,0,1,-1.1975985
786,0,1,-1.0745583
786,0,1,1.3023901
786,0,1,2.4787169
786,0,1,-.74932474
786,0,1,-.45778993
786,0,1,-1.2814538
786,0,1,2.8039505
786,0,1,-.13334014
786,0,1,-1.4131147
786,0,1,-.60669214
786,0,1,2.0343614
786,0,1,-.64744431
786,0,1,-.22346509
786,0,1,1.1817007
786,0,1,-1.1380377
786,0,1,-1.0769094
786,0,1,-1.1928964
786,0,1,.4732402
786,0,1,.23342934
786,0,1,1.6558367
786,0,1,.40819344
786,0,1,-.94995075
786,0,0,1.3227661
786,0,0,-1.2885071
786,0,0,-1.2508898
786,0,0,-1.2375669
786,0,0,-1.1349028
786,0,0,-.50794655
786,0,0,1.7733909
786,0,0,-.89665943
786,0,0,2.8494048
786,0,0,.097850069
786,0,0,.86665529
786,0,0,1.6174356
786,0,0,-.64744431
786,0,0,1.5163388
786,0,0,1.8556788
786,0,0,2.2867115
786,0,0,-.97424525
786,0,0,.035938073
786,0,0,-1.0714235
786,0,0,.27261418
786,0,0,.051612027
786,0,0,-.84963775
789,1,1,-1.3966571
789,1,1,-.79869753
789,1,1,-1.0181322
789,1,1,-.94133008
789,1,1,-.45230415
789,1,1,-.13647489
789,1,1,-.13177271
789,1,1,-.99070287
789,1,1,-1.3033974
789,1,1,-1.2485387
789,1,1,-1.0071605
789,1,1,-.69446605
789,1,1,-.34493783
789,1,1,-.99070287
789,1,1,-.74070406
789,1,1,-1.4295723
789,1,1,-.78694206
789,1,1,-.68662906
789,1,1,.024182687
789,1,1,-1.0949343
789,1,1,-.023622781
789,1,1,-.00011190413
789,1,1,-.88098556
789,1,1,-.77126819
789,1,1,-1.1286333
789,1,0,.63781625
789,1,0,-.58709979
789,1,0,-.93427682
789,1,0,.75772166
789,1,0,.029668575
789,1,0,.41994894
789,1,0,-1.1380377
789,1,0,-.2367879
789,1,0,-.61766386
789,1,0,-.13882592
789,1,0,-1.319855
789,1,0,-.13255642
789,1,0,-1.003242
789,1,0,-.072995573
789,1,0,-.17252487
789,1,0,1.1315444
789,1,0,1.778093
789,1,0,-.059672758
789,1,0,.46932161
789,1,0,.41289574
789,1,0,1.8564625
789,1,0,1.4442389
789,1,0,2.3533256
790,1,1,-.93584418
790,1,1,-1.319855
790,1,1,-.47032914
790,1,1,-.35434228
790,1,1,-1.3417984
790,1,1,-.33239874
790,1,1,-1.1552789
790,1,1,-.64117473
790,1,1,-.99148661
790,1,1,-.98129857
790,1,1,-.9280073
790,1,1,-1.1129594
790,1,1,-.3872574
790,1,1,-.31045529
790,1,1,-1.3308268
790,1,1,-1.3637419
790,1,1,-.86844641
790,1,1,-1.0016747
790,1,1,-.2744053
790,1,1,-.16782269
790,1,1,-.19760317
790,1,1,.0014555226
790,1,0,-.74227142
790,1,0,-.95935512
790,1,0,-.10826184
790,1,0,-.59728777
790,1,0,.097066358
790,1,0,-.67095518
790,1,0,.12841415
790,1,0,.16916631
790,1,0,1.6095986
790,1,0,.029668575
790,1,0,.20678371
790,1,0,-.25716391
790,1,0,-.25559661
790,1,0,1.4653987
790,1,0,-1.319855
790,1,0,1.8838921
790,1,0,.27731624
790,1,0,2.4324789
790,1,0,.98185843
790,1,0,2.0531702
790,1,0,.02810115
790,1,0,2.6315374
790,1,0,2.416805
790,1,0,1.5249594
790,1,0,-.17252487
793,0,0,-.26343352
793,0,0,2.2530124
793,0,0,-1.4295723
793,0,0,.85881835
793,0,0,-.73600191
793,0,1,-.77126819
793,0,1,-.63020301
793,0,1,-1.257943
793,0,1,-1.4295723
793,0,0,1.7357736
793,0,0,-.55183345
793,0,0,-1.2320811
793,0,1,-.63960737
793,0,1,-1.4295723
793,0,0,-.81123662
793,0,1,-.50873023
793,0,1,-.2744053
793,0,1,-1.1341192
793,0,1,-.94995075
793,0,0,-.34572154
793,0,1,-.67408991
793,0,1,-1.1333355
793,0,1,-1.149793
793,0,0,1.1315444
793,0,1,-.32299438
793,0,0,-.59258562
793,0,0,-.074562892
793,0,1,-1.4295723
793,0,1,-.034594454
793,0,0,.61117059
793,0,1,-.74305511
793,0,1,-1.2375669
793,0,1,-1.2649963
793,0,0,.86900645
793,0,1,1.3925148
793,0,1,1.9614778
793,0,0,.84863031
793,0,0,1.3831106
793,0,0,.30866414
793,0,1,.24596855
793,0,0,1.1574062
793,0,0,-.68349427
793,0,0,-.55026603
793,0,0,.82041728
793,0,0,-.35982808
793,0,0,.80709457
793,0,1,-1.4131147
793,0,0,-1.3143691
795,0,1,-1.1599811
795,0,1,-.083183534
795,0,0,-.26029879
795,0,1,-.96875942
795,0,1,-.60669214
795,0,0,-.82612687
795,0,1,.31963593
795,0,0,2.722446
795,0,0,.91837913
795,0,0,2.109596
795,0,0,1.2961204
795,0,1,-.81985724
795,0,1,-.11453144
795,0,1,-.93584418
795,0,1,-1.4295723
795,0,0,-.80575079
795,0,1,-1.1443073
795,0,1,-.83082902
795,0,0,-1.1254985
795,0,1,-1.3355289
795,0,0,-1.3825506
795,0,1,-1.4295723
795,0,1,-1.0236181
795,0,0,-.48600298
795,0,0,-.56593996
795,0,1,-.48286825
795,0,0,.54847503
795,0,0,-.11453144
795,0,0,-.60512477
795,0,1,-1.3308268
795,0,0,-.042431485
795,0,1,.40897715
795,0,1,-1.1921126
795,0,1,-1.1584136
795,0,1,.03437075
795,0,1,-.5486986
795,0,1,-.99070287
795,0,0,.91054219
795,0,0,1.0735508
795,0,1,-1.2101376
795,0,1,-1.2101376
795,0,1,-.4797335
795,0,1,-.27127054
795,0,0,.0124273
795,0,0,.38233152
795,0,0,1.6158681
795,0,1,-1.2979115
795,0,0,1.0516075
795,0,1,-.96562463
795,0,0,-.52518785
795,0,1,.66289443
795,0,0,-.75872904
795,0,0,.029668575
795,0,0,-.72738123
856,1,1,-1.1278496
856,1,1,-.48051721
856,1,1,-.035378169
856,1,1,2.2075584
856,1,1,-.66155082
856,1,1,.04064025
856,1,1,1.8979985
856,1,1,-.52989
856,1,1,-.50010961
856,1,1,-.095722735
856,1,1,-.62236601
856,1,1,-1.1349028
856,1,1,.39722165
856,1,1,-.88725507
856,1,1,.18013808
856,1,1,-.36139551
856,1,1,-.050268408
856,1,1,-.5471313
856,1,1,1.9834213
856,1,1,-.92487246
856,1,1,-.87941808
856,1,1,-.33239874
856,1,1,.60176623
856,1,1,-.802616
856,1,1,1.1730801
856,1,1,-.60198998
856,1,0,.082959831
856,1,0,-.67173886
856,1,0,1.4348345
856,1,0,.081392504
856,1,0,-.69916821
856,1,0,-.40214765
856,1,0,.32120326
856,1,0,.28358585
856,1,0,-1.2924256
856,1,0,-.21719548
856,1,0,.15427618
856,1,0,1.9371833
856,1,0,.58217382
856,1,0,-.3245618
856,1,0,-1.1787899
856,1,0,-.31359002
856,1,0,-.43192804
856,1,0,-.54321283
856,1,0,2.0954895
856,1,0,.37919667
856,1,0,-.44211608
856,1,0,.21853921
856,1,0,1.878406
856,1,0,.20913486
856,1,0,-.28772813
858,1,1,-1.1004202
858,1,1,-1.4013593
858,1,1,-1.0251855
858,1,1,-.82064098
858,1,1,-1.3778484
858,1,1,-.25011072
858,1,1,-.94524854
858,1,1,-.82455945
858,1,1,-1.4201679
858,1,1,-1.3143691
858,1,1,-1.3966571
858,1,1,-1.0455616
858,1,1,-.89665943
858,1,1,-.81828988
858,1,1,-.25011072
858,1,1,-.88725507
858,1,1,-.23600419
858,1,1,-1.2540245
858,1,1,-.76813334
858,1,1,-1.0157812
858,1,1,-.9523018
858,1,1,-.88098556
858,1,1,-1.2696985
858,1,1,-1.4107636
858,1,1,-.59572041
858,1,1,-.23286943
858,1,1,1.2749605
858,1,1,1.5335801
858,1,1,-.44368351
858,1,1,-.45779005
858,1,1,-.78694206
858,1,0,-.78067255
858,1,0,-.37001613
858,1,0,-.73208338
858,1,0,-1.0784768
858,1,0,-1.3637419
858,1,0,-.3167249
858,1,0,-.19133358
858,1,0,-.93584418
858,1,0,.15897825
858,1,0,2.0171201
858,1,0,-1.4013593
858,1,0,-1.011079
858,1,0,-1.0690724
858,1,0,-.14744656
858,1,0,-.49775848
858,1,0,-.80026495
858,1,0,1.1370301
858,1,0,-.072211862
858,1,0,-.44211608
858,1,0,1.3509791
858,1,0,1.5790344
858,1,0,.33530977
858,1,0,-.67252254
858,1,0,2.3995638
858,1,0,2.0798159
858,1,0,2.6252682
858,1,0,1.1840519
858,1,0,1.7436105
858,1,0,2.0680604
858,1,0,.37998039
858,1,0,1.7020746
859,1,1,-1.3519865
859,1,1,-1.3449333
859,1,1,-1.3637419
859,1,1,-1.4295723
859,1,1,-1.0181322
859,1,1,-.6772247
859,1,1,-.60355741
859,1,1,-.74932474
859,1,1,-.91860294
859,1,1,-.93114203
859,1,1,-.48600298
859,1,1,-.34493795
859,1,1,-1.1137431
859,1,1,-.33239874
859,1,1,-1.0126463
859,1,1,-.68819642
859,1,1,-.4797335
859,1,1,-.35434219
859,1,1,-.17722705
859,1,1,-.45308787
859,1,1,1.1033313
859,1,1,-.27597263
859,1,1,-.0048140795
859,1,1,.33217514
859,1,1,-.36923242
859,1,1,1.258503
859,1,1,-.96562463
859,1,1,.34784898
859,1,1,-.6450932
859,1,1,.32668915
859,1,1,1.755366
859,1,0,-.13490747
859,1,0,1.8760549
859,1,0,.94502473
859,1,0,-1.065154
859,1,0,.60803574
859,1,0,1.3251171
859,1,0,1.2114812
859,1,0,1.276528
859,1,0,.36117169
859,1,0,.30082723
859,1,0,1.3721387
859,1,0,1.6793474
859,1,0,2.0077157
859,1,0,.74518245
859,1,0,-.27754006
859,1,0,-.0063814018
859,1,0,.18013808
859,1,0,1.0962781
859,1,0,1.1064659
859,1,0,.37449461
859,1,0,1.0547421
859,1,0,1.6088147
859,1,0,1.0147737
859,1,0,1.2741768
859,1,0,1.6385953
859,1,0,.36979234
859,1,0,.28515327
859,1,0,1.6127332
859,1,0,1.6730779
859,1,0,2.3784037
860,1,1,.087662004
860,1,1,.4058423
860,1,1,1.5853039
860,1,1,-1.3637419
860,1,1,-.87471598
860,1,1,-.16076948
860,1,1,-.99070287
860,1,1,-.22268137
860,1,1,-.58239758
860,1,1,.77731407
860,1,1,.02810115
860,1,1,-.38568997
860,1,1,.47872597
860,1,1,1.6824822
860,1,1,-.7062214
860,1,1,1.0249618
860,1,1,-1.0776931
860,1,1,-.5737769
860,1,1,-1.1388214
860,1,1,.11587506
860,1,1,.67621714
860,1,1,1.8164941
860,1,1,.010859874
860,1,1,2.2177463
860,1,1,.97245407
860,1,1,.0092925513
860,1,1,-.77910507
860,1,0,1.4701008
860,1,0,.55004245
860,1,0,.39251959
860,1,0,-.47659865
860,1,0,-.46484324
860,1,0,1.0602281
860,1,0,.56728369
860,1,0,.25537291
860,1,0,-.51813459
860,1,0,-.66782039
860,1,0,-.18819872
860,1,0,1.0422031
860,1,0,-.8660953
860,1,0,-.34023565
860,1,0,.84863031
860,1,0,-.42644224
860,1,0,1.4552104
860,1,0,.77574664
860,1,0,1.4889092
860,1,0,1.7820114
860,1,0,-.30575311
860,1,0,.018696798
860,1,0,1.3321704
860,1,0,1.0766857
860,1,0,.75301939
860,1,0,1.340791
860,1,0,1.2396942
860,1,0,.29455763
860,1,0,1.3243334
861,1,1,-1.1106083
861,1,1,-.65214646
861,1,1,-.71797693
861,1,1,-1.3543376
861,1,1,-.37550193
861,1,1,-.51891822
861,1,1,-.063591219
861,1,1,-.37001613
861,1,1,-.8120203
861,1,1,-.80496705
861,1,1,-.49854219
861,1,1,-.91546816
861,1,1,-.79791379
861,1,1,-.71484208
861,1,1,-1.3033974
861,1,1,-1.2626452
861,1,1,-.66076708
861,1,1,-.86374426
861,1,1,-.77440292
861,1,1,-.20700753
861,1,1,-.36374652
861,1,1,-.26578465
861,1,1,-.94681591
861,1,1,-.45543891
861,1,1,-.54007798
861,1,1,.34314671
861,1,1,-1.1921126
861,1,0,.10176853
861,1,0,-.38255525
861,1,0,-1.2211094
861,1,0,-.98521698
861,1,0,-.63882363
861,1,0,.50145322
861,1,0,.75301939
861,1,0,-.33239874
861,1,0,1.2882835
861,1,0,-1.2979115
861,1,0,-.79477906
861,1,0,-.094155312
861,1,0,.31336623
861,1,0,-.027541244
861,1,0,.10490328
861,1,0,.43875763
861,1,0,1.4340508
861,1,0,-.802616
861,1,0,-.31985953
861,1,0,.84471172
861,1,0,.29690865
861,1,0,1.5484703
861,1,0,1.436402
861,1,0,-.29007915
861,1,0,.62841189
861,1,0,1.2969038
862,1,1,-1.4295723
862,1,1,-1.4295723
862,1,1,-1.4295723
862,1,1,-1.1913289
862,1,1,-.35277486
862,1,1,-1.319855
862,1,1,-1.2226768
862,1,1,-1.1270659
862,1,1,-.16468784
862,1,1,-1.1184453
862,1,1,-1.0910159
862,1,1,-1.4295723
862,1,1,-1.3355289
862,1,1,-1.4107636
862,1,1,-.91546816
862,1,1,-.73365074
862,1,1,.14252068
862,1,1,-.72738123
862,1,1,-.92643988
862,1,1,-.27754006
862,1,1,-.55183345
862,1,1,-1.2775354
862,1,1,-.39822918
862,1,1,-.20230524
862,1,1,.04690985
862,1,1,.015562049
862,1,1,-1.0157812
862,1,0,-.84493554
862,1,0,-.42173997
862,1,0,-.3120226
862,1,0,.37606183
862,1,0,.40114024
862,1,0,-.33239874
862,1,0,.3933031
862,1,0,-1.2101376
862,1,0,.17230116
862,1,0,.092364177
862,1,0,-.66155082
862,1,0,-.44838569
862,1,0,-.20073792
862,1,0,.39173588
862,1,0,-.11609876
862,1,0,-.017353179
862,1,0,-1.1411724
862,1,0,1.1793498
862,1,0,-.21641187
862,1,0,1.2428291
862,1,0,.30082723
862,1,0,-.0063815066
863,0,0,-.55183345
863,0,1,-1.1443073
863,0,1,1.48264
863,0,0,1.2976878
863,0,1,-.20073792
863,0,1,.018696798
863,0,0,-.3120226
863,0,0,.80317599
863,0,0,1.5641441
863,0,1,-.87001383
863,0,0,-1.1772224
863,0,0,.17230116
863,0,1,-1.319855
863,0,1,-1.4295723
863,0,0,-.64901173
863,0,0,-1.4295723
863,0,1,-.82142466
863,0,0,-.33239874
863,0,1,-1.4295723
863,0,1,-.77126819
863,0,0,-.091804169
863,0,0,.1621131
863,0,0,1.1244911
863,0,0,-.44211608
863,0,0,-1.0839627
863,0,1,-.55183345
863,0,0,-.043998808
863,0,0,-1.319855
863,0,1,-1.4295723
863,0,0,2.2741721
863,0,1,-1.4295723
863,0,0,1.4191606
863,0,1,-.77675408
863,0,1,-1.4295723
863,0,0,.1738686
863,0,0,-.67252254
863,0,1,-1.1004202
863,0,1,.18797502
863,0,0,-.52440411
863,0,1,-.77126819
863,0,0,-1.4295723
863,0,0,.31963593
863,0,1,-1.319855
863,0,1,-1.319855
863,0,1,-1.4295723
863,0,0,1.6918867
863,0,1,-1.1004202
863,0,0,-.88098556
863,0,0,-.20073792
863,0,1,-.85904211
863,0,1,-.74932474
866,1,1,-.467978
866,1,1,-.77361923
866,1,1,-.87941808
866,1,1,-1.4295723
866,1,1,-1.3472843
866,1,1,-.86452794
866,1,1,-1.2007333
866,1,1,-1.0149975
866,1,1,-1.4201679
866,1,1,-1.1991659
866,1,1,-1.2540245
866,1,1,-1.3026136
866,1,1,-.67565733
866,1,1,-1.2822376
866,1,1,-1.2979115
866,1,1,.49675116
866,1,1,-.20700753
866,1,1,-1.003242
866,1,1,-1.2979115
866,1,1,-1.319855
866,1,1,.59392935
866,1,1,-.1991705
866,1,0,-.80418342
866,1,0,-.62314975
866,1,0,-.34023565
866,1,0,-.93427682
866,1,0,.020264225
866,1,0,.25772393
866,1,0,-.56437254
866,1,0,-.21170959
866,1,0,.1997305
866,1,0,-.39666176
866,1,0,-.88098556
866,1,0,-.14744656
866,1,0,-.37628564
866,1,0,.04064025
866,1,0,-1.0251855
866,1,0,-.45857364
866,1,0,.016345762
866,1,0,-1.0455616
866,1,0,.83217251
866,1,0,-.11923362
866,1,0,.68640518
866,1,0,.092364177
866,1,0,.071988158
866,1,0,.8729248
866,1,0,-.39509434
867,0,0,1.4708844
867,0,1,-.1184499
867,0,1,-1.2101376
867,0,1,-1.0784768
867,0,1,.561014
867,0,1,-.12315208
867,0,1,-.80966926
867,0,0,-.39195958
867,0,1,-.12628682
867,0,0,1.0954944
867,0,0,.69424236
867,0,0,1.825115
867,0,0,.0030228447
867,0,1,-.57220954
867,0,1,.16368052
867,0,1,.26399353
867,0,0,-.33788463
867,0,0,-1.319855
867,0,1,-.49384001
867,0,0,1.770256
867,0,1,-.22268137
867,0,1,-.21954651
867,0,1,-.17252487
867,0,0,.62214237
867,0,0,-.30732054
867,0,1,.23186192
867,0,1,-.11139659
867,0,0,.57982272
867,0,0,.62214237
867,0,0,1.8086572
867,0,1,.3807641
867,0,0,1.1958073
867,0,1,-.48600298
867,0,1,-.96327353
867,0,1,-.65919971
867,0,1,.30709672
867,0,0,1.41054
867,0,0,2.2310693
867,0,0,1.8188453
867,0,0,.2616424
867,0,0,.51399243
867,0,0,1.1503531
867,0,1,.43562278
867,0,1,1.0688487
867,0,0,1.0829551
867,0,0,1.7843627
867,0,1,.15192504
867,0,1,-.15528359
878,1,1,-1.1066898
878,1,1,-1.2485387
878,1,1,-.22346509
878,1,1,-.49697477
878,1,1,-.81515515
878,1,1,-1.0181322
878,1,1,-1.3801996
878,1,1,-.45308787
878,1,1,-.2986998
878,1,1,-1.2673473
878,1,1,-1.2595104
878,1,1,-.67252254
878,1,1,-.78223991
878,1,1,-.3245618
878,1,1,.017129475
878,1,1,.098633781
878,1,1,-1.4131147
878,1,1,-.75637794
878,1,1,-.7775377
878,1,1,-.86217684
878,1,1,-1.2046517
878,1,0,-.057321619
878,1,0,.095498927
878,1,0,-.39274329
878,1,0,-.58553237
878,1,0,-1.1631159
878,1,0,-1.0149975
878,1,0,-.14666295
878,1,0,-.58083016
878,1,0,.094715215
878,1,0,.22245756
878,1,0,-1.2501061
878,1,0,-1.0502638
878,1,0,-.28224224
878,1,0,1.4309162
878,1,0,-.77126819
878,1,0,-.80575079
878,1,0,-.27283788
878,1,0,1.2318573
878,1,0,1.6150844
878,1,0,-.42644224
878,1,0,-.27597263
878,1,0,-1.2320811
881,0,0,.051612027
881,0,1,-1.4295723
881,0,0,.69189119
881,0,0,.0030229492
881,0,1,-.7508921
881,0,1,-.84023339
881,0,1,-.33239874
881,0,0,-.52832258
881,0,0,-.3245618
881,0,0,.16603157
881,0,0,-.51891822
881,0,0,-.82612687
881,0,1,-1.147442
881,0,0,-.92330509
881,0,0,-.24775957
881,0,0,-.36609769
881,0,1,-1.2211094
881,0,1,.22245766
881,0,0,-.93584418
881,0,1,.55004245
881,0,1,-.48286825
881,0,0,-.69603342
881,0,0,-.84963775
881,0,0,-.54556388
881,0,0,.18013808
881,0,0,-.97659636
881,0,0,-.11453144
881,0,0,-1.2070028
881,0,1,-1.2446202
881,0,1,-1.3966571
881,0,0,.30239466
881,0,1,-1.0565333
881,0,1,-1.0455616
881,0,1,-1.1709528
881,0,0,-.64117473
881,0,1,-.29791617
881,0,1,-.7508921
881,0,1,-1.4295723
881,0,1,-1.319855
881,0,0,.73342717
881,0,1,-1.0181322
881,0,1,-.56280518
881,0,0,-.93427682
881,0,1,-.81515515
881,0,0,.17543592
881,0,1,-.87001383
881,0,1,-1.0972854
881,0,0,-.064374939
881,0,1,-1.2540245
883,1,1,-1.4131147
883,1,1,-1.3801996
883,1,1,-1.3684441
883,1,1,-1.4295723
883,1,1,-1.4295723
883,1,1,-.84336811
883,1,1,-1.2367833
883,1,1,-.73992038
883,1,1,-.99070287
883,1,1,-1.4295723
883,1,1,-.77126819
883,1,1,-1.3143691
883,1,1,-1.2156235
883,1,1,-1.4295723
883,1,1,-1.1858431
883,1,1,-.80026495
883,1,1,-1.2375669
883,1,1,-1.3747137
883,1,1,-1.2791028
883,1,1,-1.111392
883,1,1,-.025190104
883,1,1,-.73286712
883,1,1,-1.2814538
883,1,1,-.56123781
883,1,1,.018696798
883,1,0,-1.2211094
883,1,0,-1.19368
883,1,0,-.99070287
883,1,0,-1.1004202
883,1,0,-1.2156235
883,1,0,-1.0455616
883,1,0,-.86844641
883,1,0,-1.1035551
883,1,0,-.55810302
883,1,0,-.99070287
883,1,0,-.77597034
883,1,0,-.98756808
883,1,0,-1.0345899
883,1,0,-.3488563
883,1,0,-.25402918
883,1,0,-.78223991
883,1,0,1.5249594
883,1,0,-1.0816115
883,1,0,-.77126819
883,1,0,-.25716391
886,0,0,-.28851184
886,0,1,-.26656827
886,0,1,-1.1975985
886,0,0,.72088796
886,0,1,-.25794762
886,0,0,1.1291932
886,0,0,-.44211608
886,0,0,.48891404
886,0,1,-.84807032
886,0,0,.76007259
886,0,1,-.51578349
886,0,1,-1.2869397
886,0,1,-1.1881942
886,0,0,-.90763116
886,0,1,-.55183345
886,0,1,-.99070287
886,0,1,-.89665943
886,0,0,-.93035829
886,0,0,.27888367
886,0,1,-1.1254985
886,0,0,1.1111683
886,0,1,-1.3543376
886,0,1,-1.0345899
886,0,1,-1.2869397
886,0,1,-1.2704822
886,0,1,-1.4295723
886,0,0,-.23992264
886,0,1,.36509025
886,0,1,1.8838921
886,0,1,-1.3747137
886,0,0,-.047133554
886,0,0,-.020487929
886,0,1,-.92487246
886,0,0,-.18506397
886,0,0,1.199726
886,0,0,-.39979652
886,0,1,-.88098556
886,0,0,-.26029879
886,0,0,-.078481458
886,0,0,.073555477
886,0,0,.94345731
886,0,0,1.6417301
886,0,1,-.53929436
886,0,1,-.34493783
886,0,0,1.914456
886,0,0,.009292447
886,0,1,-1.2712659
886,0,1,2.0084994
886,0,1,-.16468795
886,0,0,1.5422007
887,1,1,-1.4131147
887,1,1,-.88098556
887,1,1,-1.2540245
887,1,1,.16289681
887,1,1,-1.1004202
887,1,1,-.45700634
887,1,1,-.83788228
887,1,1,-.78145623
887,1,1,-.43663019
887,1,1,-.1623368
887,1,1,-.047133554
887,1,1,-.22189766
887,1,1,-.32534552
887,1,1,.070420727
887,1,1,-.62314975
887,1,1,-.33318245
887,1,1,-.054186869
887,1,1,-.12393579
887,1,1,-.34493783
887,1,1,.027317436
887,1,1,.56806719
887,1,1,-.34101936
887,1,1,-.030675992
887,1,1,-.29478133
887,1,1,-.44760197
887,1,0,-.51108128
887,1,0,.6237098
887,1,0,-.16625527
887,1,0,-.27754006
887,1,0,-.015785754
887,1,0,-.23522048
887,1,0,.78436726
887,1,0,-.058889046
887,1,0,-.1686064
887,1,0,1.292202
887,1,0,.37919667
887,1,0,.29299021
887,1,0,1.6291908
887,1,0,1.4207281
887,1,0,1.1033313
887,1,0,.05944895
887,1,0,1.8580301
887,1,0,2.0186875
887,1,0,-.36923242
887,1,0,-.37628564
887,1,0,.41211179
887,1,0,1.3768409
887,1,0,.4418923
887,1,0,.67151505
887,1,0,.34784898
887,1,0,1.276528
887,1,0,2.534359
887,1,0,.84079337
889,1,1,-.54869872
889,1,1,-1.3417984
889,1,1,.0249664
889,1,1,-1.1364702
889,1,1,-1.2007333
889,1,1,-.40136394
889,1,1,1.4912606
889,1,1,.016345762
889,1,1,-1.319855
889,1,1,1.3094434
889,1,1,-.68662906
889,1,1,-.11296401
889,1,1,.46070099
889,1,1,.33452606
889,1,1,.12606312
889,1,1,-.18819882
889,1,0,1.6323256
889,1,0,1.0132064
889,1,0,-.65371382
889,1,0,-1.3135854
889,1,0,-1.2101376
889,1,0,-1.0596681
889,1,0,-1.1317681
889,1,0,-1.37393
889,1,0,-1.2461876
889,1,0,-.44446722
889,1,0,-.21954651
889,1,0,.87841082
889,1,0,-.50167692
889,1,0,-1.2649963
889,1,0,-.056537908
889,1,0,.32120326
889,1,0,-.49462363
889,1,0,.15819453
889,1,0,.11509135
889,1,0,.23969895
890,0,1,-.55183345
890,0,1,.37998039
890,0,1,-1.0157812
890,0,1,-.70543778
890,0,1,-.87079746
890,0,1,.4732402
890,0,1,.097066358
890,0,1,1.646432
890,0,1,-.70230299
890,0,1,.33922833
890,0,1,-.87785071
890,0,1,-.58318126
890,0,1,.29455763
890,0,1,-.73051602
890,0,1,.79063678
890,0,1,-.42252368
890,0,1,1.0030183
890,0,1,.1942445
890,0,1,-1.0063767
890,0,1,.81101292
890,0,1,-.043998808
890,0,1,-.8982268
890,0,1,-.59493667
890,0,0,-.66155082
890,0,0,-.72032797
890,0,0,-.22816727
890,0,0,-.45778993
890,0,0,-.046349842
890,0,0,1.4034866
890,0,0,.28593698
890,0,0,1.8619485
890,0,0,-.2932139
890,0,0,-.058105331
890,0,0,-.19368461
890,0,0,.76007259
890,0,0,-.22973458
890,0,0,-.33318245
890,0,0,-.20465638
890,0,0,-.85904211
890,0,0,-.1866314
890,0,0,-.13490747
890,0,0,.021047939
890,0,0,-.62706822
890,0,0,-.55104971
890,0,0,-.43663019
890,0,0,-.22581612
892,1,1,-1.2908583
892,1,1,-.72738123
892,1,1,-.60198998
892,1,1,-.33239874
892,1,1,-1.1827083
892,1,1,-.61296171
892,1,1,.15976197
892,1,1,-.74932474
892,1,1,-.62001497
892,1,1,-.66155082
892,1,1,-1.1827083
892,1,1,.12998158
892,1,1,-.93584418
892,1,1,-.5314573
892,1,1,-.35042372
892,1,1,1.1534879
892,1,1,.14252068
892,1,1,-.72267902
892,1,1,.84392804
892,1,1,-.44289979
892,1,1,-.5314573
892,1,1,-.55575192
892,1,1,-.28067482
892,1,1,.025750114
892,1,0,-.98756808
892,1,0,-.46562696
892,1,0,-.96875942
892,1,0,-.60669214
892,1,0,-.23365314
892,1,0,-.95935512
892,1,0,-.14117707
892,1,0,.7216717
892,1,0,-.10982926
892,1,0,-.63490516
892,1,0,1.1440834
892,1,0,1.1574062
892,1,0,1.8807572
892,1,0,-.58631605
892,1,0,1.0602279
892,1,0,-.27910748
892,1,0,-.16076937
892,1,0,-.076914035
892,1,0,-.29007915
892,1,0,-.4546552
892,1,0,.24440111
892,1,0,.032803323
892,1,0,-.2305183
892,1,0,-.13804221
892,1,0,.3055293
892,1,0,1.3807594
892,1,0,.76477486
895,0,1,-.77440298
895,0,1,-.79869753
895,0,0,-.13020529
895,0,1,-1.4131147
895,0,0,-1.4295723
895,0,0,-.13804221
895,0,1,-.4107683
895,0,0,-.46954542
895,0,1,-1.2924256
895,0,1,-.44211608
895,0,1,-.65057909
895,0,1,-1.1537116
895,0,1,-1.0455616
895,0,1,-.46719429
895,0,0,-1.1913289
895,0,0,.2561565
895,0,0,-.57847905
895,0,0,-.99383771
895,0,1,-.28224224
895,0,0,1.4614801
895,0,0,-.34807259
895,0,1,-.96875942
895,0,0,.85725093
895,0,0,-.059672758
895,0,0,-1.0181322
895,0,1,-1.0345899
895,0,1,1.8423562
895,0,0,-.25638032
895,0,1,-1.2979115
895,0,0,1.4324836
895,0,0,1.6942376
895,0,0,.056314204
895,0,0,-.062807508
895,0,0,-.30340198
895,0,0,.18092181
895,0,0,-.33396617
895,0,0,1.5390658
895,0,1,-.70857257
895,0,1,-.79086059
895,0,1,.02810115
895,0,1,-1.4295723
895,0,0,-1.0063767
896,1,1,-.39509434
896,1,1,-.88882244
896,1,1,-1.0502638
896,1,1,-.1121803
896,1,1,-1.2101376
896,1,1,-.022055356
896,1,1,-.78380728
896,1,1,-1.065154
896,1,1,-1.4295723
896,1,1,-.49148887
896,1,1,-1.0533985
896,1,1,.32747287
896,1,1,-.27754006
896,1,1,-.93584418
896,1,1,-.80575079
896,1,1,2.0092833
896,1,1,.73342693
896,1,1,-.21170959
896,1,1,-.34180307
896,1,1,-.76970083
896,1,1,-.17565961
896,1,1,.80631065
896,1,1,1.044554
896,1,1,-.46641058
896,1,1,-1.1819246
896,1,1,-.67252254
896,1,1,.075906515
896,1,1,.62214237
896,1,1,-.38568997
896,1,0,-.48678669
896,1,0,.019480512
896,1,0,-.21954662
896,1,0,-.36688128
896,1,0,-.17017384
896,1,0,-.36374652
896,1,0,-.30261827
896,1,0,.077473938
896,1,0,-.69289863
896,1,0,-1.1239312
896,1,0,-.35747692
896,1,0,.25694022
896,1,0,.47167277
896,1,0,-.52675527
896,1,0,-.68976384
896,1,0,-.13804221
896,1,0,-.17722705
896,1,0,-.25873134
896,1,0,-.073779181
896,1,0,-.56750733
896,1,0,.3854664
896,1,0,-.28145853
896,1,0,-.080048785
896,1,0,2.0516026
896,1,0,.14330439
896,1,0,-.50167692
896,1,0,1.7624192
896,1,0,-.050268408
896,1,0,-.27440521
896,1,0,-.22111395
896,1,0,1.5327964
896,1,0,.041423962
897,1,1,-1.4295723
897,1,1,-1.0949343
897,1,1,.0500446
897,1,1,-1.3637419
897,1,1,-1.3284756
897,1,1,.17151745
897,1,1,-.69916821
897,1,1,-.42722586
897,1,1,-.47659865
897,1,1,.48029339
897,1,1,-.41468674
897,1,1,-.1991705
897,1,1,-.89430833
897,1,1,-1.4295723
897,1,1,-1.319855
897,1,1,-1.2853724
897,1,1,1.2490987
897,1,1,-.63333774
897,1,1,.79768997
897,1,1,-.20700753
897,1,1,.043775104
897,1,1,.075906515
897,1,1,.42543471
897,1,0,-.33866823
897,1,0,.58687592
897,1,0,-.094155312
897,1,0,1.340791
897,1,0,-.73992038
897,1,0,.21383692
897,1,0,-.96875942
897,1,0,1.9834213
897,1,0,-.16312052
897,1,0,1.2059954
897,1,0,-.8120203
897,1,0,-.48600298
897,1,0,.063367516
897,1,0,.38703361
897,1,0,.019480512
897,1,0,-.7164095
897,1,0,.46540326
897,1,0,-.059672758
897,1,0,1.2788792
897,1,0,.068069592
897,1,0,.097066358
897,1,0,.36430654
897,1,0,.88389659
897,1,0,.9168117
897,1,0,1.0743345
897,1,0,.60490108
897,1,0,1.1229237
898,0,0,-.099641196
898,0,0,-.076914035
898,0,0,.71932054
898,0,0,-.97502899
898,0,1,.18719129
898,0,1,-.86844641
898,0,0,-1.2696985
898,0,1,-.92565614
898,0,1,-1.173304
898,0,1,-1.1004202
898,0,0,1.435618
898,0,1,-.78694206
898,0,1,-.42644224
898,0,1,-.90841484
898,0,1,-.18036179
898,0,1,-1.3825506
898,0,1,-1.4201679
898,0,0,-.130989
898,0,0,-1.3104507
898,0,0,-.82142466
898,0,0,-.56437254
898,0,0,-.19211718
898,0,0,.53828692
898,0,1,-1.2634289
898,0,0,-.29007915
898,0,0,.18797502
898,0,0,.52653146
898,0,1,-1.366093
898,0,0,-.81280404
898,0,1,-.9718942
898,0,1,-1.3919549
898,0,1,-.69289863
898,0,0,-.8370986
898,0,0,-.49619105
898,0,0,1.0766857
898,0,0,-.0032466529
898,0,1,.13468376
898,0,1,-1.4013593
899,0,0,1.9277787
899,0,0,.68091941
899,0,0,.26791188
899,0,0,.29455763
899,0,0,1.3674366
899,0,0,.33922833
899,0,0,-.99462134
899,0,0,1.6158681
899,0,0,.10882185
899,0,0,-.22581622
899,0,0,-1.3417984
899,0,0,.22010653
899,0,0,1.188754
899,0,0,-.51343232
899,0,1,.50615531
899,0,1,-1.3143691
899,0,1,.009292447
899,0,1,.50145304
899,0,1,-1.0729909
899,0,1,-1.1247149
899,0,1,-1.3355289
899,0,1,-.6160965
899,0,0,1.199726
899,0,0,-.5486986
899,0,0,.3682251
899,0,0,-.10355966
899,0,0,.22715984
899,0,0,-.77675408
899,0,0,-.28929555
899,0,0,-.095722735
899,0,0,-1.0455616
899,0,0,.6346814
899,0,1,-.81515515
899,0,1,1.286716
899,0,1,-.92408878
899,0,1,-1.1607648
899,0,1,-.74383885
899,0,1,-.8292616
899,0,1,-.45308787
899,0,1,-1.0698562
899,0,1,-.93819529
899,0,1,-.99227029
899,0,1,-1.149793
899,0,1,-.56437254
938,0,1,-1.1004202
938,0,0,-.037729204
938,0,1,.3854664
938,0,1,-.11609876
938,0,0,-.15685092
938,0,0,-.73835295
938,0,1,-.63960737
938,0,0,.59706396
938,0,1,-1.0682887
938,0,0,-.70543778
938,0,0,.37527832
938,0,1,-1.4295723
938,0,0,-.57064217
938,0,0,-.97032684
938,0,1,-.86844641
938,0,0,.53593582
938,0,0,1.1464344
938,0,1,-.65998346
938,0,1,1.3760573
938,0,1,-.9428975
938,0,1,.22715984
938,0,0,-.029892279
938,0,0,1.4411041
938,0,0,.55474448
938,0,1,.15270875
938,0,1,-1.4295723
938,0,0,.8360911
938,0,1,-.14431182
938,0,1,-1.0157812
938,0,1,-.49227259
938,0,1,.70207924
938,0,1,-1.4295723
938,0,1,-.11609876
938,0,1,-.43898135
938,0,1,-.24149008
938,0,0,.83687484
938,0,1,-1.2696985
938,0,0,.50850648
938,0,0,.64722055
938,0,0,.87762707
938,0,0,.30709672
938,0,1,.22480871
938,0,0,.38468248
938,0,0,-.65528119
938,0,0,-.44525084
938,0,0,-1.2164072
938,0,1,-.21719548
938,0,1,-.60277367
938,0,0,1.7310712
938,0,0,.03437075
938,0,0,-.85747463
938,0,1,-.26735198
939,1,1,-.70073557
939,1,1,1.075902
939,1,1,-.17252487
939,1,1,-.62471712
939,1,1,-.91233331
939,1,1,-.45152044
939,1,1,.13625118
939,1,1,1.1503531
939,1,1,.015562049
939,1,1,1.4881258
939,1,1,-.82612687
939,1,1,.094715215
939,1,1,.50929016
939,1,1,-1.1874105
939,1,1,1.7710398
939,1,1,-1.0149975
939,1,1,-.23208572
939,1,1,-.36688128
939,1,1,2.2553637
939,1,1,.22167395
939,1,1,-.3872574
939,1,0,.97637266
939,1,0,.56963462
939,1,0,.28672069
939,1,0,.6409511
939,1,0,1.7874974
939,1,0,.39800537
939,1,0,-.29948351
939,1,0,-.14979771
939,1,0,2.75928
939,1,0,.083743542
939,1,0,2.0343614
939,1,0,.79063678
939,1,0,2.0923548
939,1,0,1.0304476
939,1,0,1.9105376
939,1,0,.79612255
939,1,0,1.8588136
939,1,0,1.4677496
939,1,0,1.4998813
939,1,0,2.2530124
942,1,1,-1.2054354
942,1,1,-.7657823
942,1,1,-1.4295723
942,1,1,-.66390193
942,1,1,-.32926399
942,1,1,-1.1254985
942,1,1,.3682251
942,1,1,-.29478133
942,1,1,-.76343125
942,1,1,.60176623
942,1,1,1.0523912
942,1,1,-.97816378
942,1,1,.39173588
942,1,1,-.24775957
942,1,1,-.46719429
942,1,1,.3807641
942,1,1,-.27127054
942,1,1,.15662721
942,1,1,.24596845
942,1,1,-.086318389
942,1,1,-.55418456
942,1,1,.67229879
942,1,1,.90740734
942,1,1,.81806612
942,1,1,.47167277
942,1,1,.12527941
942,1,1,1.1158705
942,1,0,1.4653987
942,1,0,.39957282
942,1,0,.95207798
942,1,0,-.17722705
942,1,0,-.3433705
942,1,0,.60411739
942,1,0,-.41860521
942,1,0,.37214348
942,1,0,1.5923574
942,1,0,1.3039573
942,1,0,-.12393579
942,1,0,.81493127
942,1,0,.15505978
942,1,0,1.4920441
942,1,0,.40740973
942,1,0,.24283369
942,1,0,.64251828
942,1,0,1.8650833
942,1,0,1.0743345
942,1,0,1.9653962
942,1,0,2.006932
942,1,0,.79455537
942,1,0,.42935309
942,1,0,1.5406333
942,1,0,.74753356
942,1,0,2.0954895
943,0,1,.55474448
943,0,0,1.6095986
943,0,1,-.8465029
943,0,0,-.24619225
943,0,1,1.8125756
943,0,1,.49204889
943,0,0,1.7287201
943,0,0,-.22895087
943,0,0,2.1440785
943,0,0,.59157819
943,0,1,-.95622027
943,0,1,-.33239874
943,0,0,.052395739
943,0,0,-.66625297
943,0,0,2.0092833
943,0,0,-.25559661
943,0,0,-1.2540245
943,0,1,-1.1278496
943,0,1,-.0032466529
943,0,1,1.250666
943,0,0,1.1048987
943,0,0,.15741092
943,0,1,.9168117
943,0,1,-.14979771
943,0,1,.53280115
943,0,0,.5100739
943,0,0,1.5727649
943,0,1,-.32848027
943,0,0,.79612279
943,0,0,-.58474869
943,0,1,.043775104
943,0,0,.4810771
943,0,1,1.0696324
943,0,1,-.79634643
943,0,1,.43954134
943,0,1,-.96640837
943,0,0,.75928909
943,0,1,.30082712
945,0,0,1.1096008
945,0,1,-1.0510474
945,0,0,.0500446
945,0,0,.62684447
945,0,1,-.031459708
945,0,0,1.6644573
945,0,1,.057881631
945,0,1,-.87001383
945,0,1,-.29164657
945,0,0,.88546401
945,0,0,-.33866835
945,0,1,-1.4295723
945,0,1,-.38568997
945,0,0,.65192264
945,0,1,-.62863559
945,0,0,.66289443
945,0,0,.94188988
945,0,0,1.9700984
945,0,1,.0061576981
945,0,1,-.088669524
945,0,0,.042207677
945,0,0,.36822489
945,0,0,.28045109
945,0,0,.5100739
945,0,1,-.16939011
945,0,0,-.10355966
945,0,1,-1.3919549
945,0,1,-.57847905
945,0,1,-1.1552789
945,0,0,-.15841834
945,0,1,-.68349427
945,0,0,.7052139
945,0,0,.6417346
945,0,0,.45756635
945,0,1,-.34807268
945,0,0,.25380546
945,0,1,-.29164657
945,0,0,1.824331
945,0,0,.82276839
945,0,1,-.27597263
945,0,1,-.4609248
945,0,1,1.186403
945,0,0,2.2271504
946,1,1,-1.1591974
946,1,1,-1.4295723
946,1,1,-.17722705
946,1,1,.15505978
946,1,1,-.73992038
946,1,1,-.66155082
946,1,1,.51634336
946,1,1,-.27518892
946,1,1,-.62863559
946,1,1,-.90841484
946,1,1,-.15685092
946,1,1,-.58866715
946,1,1,-.65057909
946,1,1,-.55183345
946,1,1,-1.4295723
946,1,1,-.062807508
946,1,1,-.85982573
946,1,1,1.0453378
946,1,1,-.45935738
946,1,1,-.88098556
946,1,1,.19110987
946,1,1,1.3321704
946,1,1,-.99070287
946,1,1,-.43427917
946,1,0,1.3509791
946,1,0,.35098362
946,1,0,-.5102976
946,1,0,.36117169
946,1,0,1.0845226
946,1,0,-.748541
946,1,0,-.76029646
946,1,0,-.83161277
946,1,0,-.92487246
946,1,0,-.21641177
946,1,0,.6871891
946,1,0,2.4081838
946,1,0,1.5837365
946,1,0,-.72424644
946,1,0,1.3172801
946,1,0,-.15685092
946,1,0,2.1244864
946,1,0,1.685617
946,1,0,1.9160234
946,1,0,1.7428269
946,1,0,-.40920088
946,1,0,-.63098669
946,1,0,1.8909452
946,1,0,1.4497247
946,1,0,.68013573
946,1,0,1.044554
946,1,0,2.0688441
946,1,0,.66838044
950,1,1,-1.2367833
950,1,1,-1.3747137
950,1,1,-1.4295723
950,1,1,-1.4131147
950,1,1,-1.4107636
950,1,1,-1.1450909
950,1,1,-1.2485387
950,1,1,-.23913893
950,1,1,-1.3637419
950,1,1,-.66155082
950,1,1,-.3606118
950,1,1,-1.1066898
950,1,1,-1.319855
950,1,1,.86352044
950,1,1,-.61766386
950,1,1,-1.1004202
950,1,1,1.0453378
950,1,1,-1.1552789
950,1,1,.76947713
950,1,1,1.4340508
950,1,1,-.14666295
950,1,1,1.492828
950,1,0,.47010535
950,1,0,-.92487246
950,1,0,-.15841834
950,1,0,.79690647
950,1,0,.10725442
950,1,0,1.4865583
950,1,0,1.0986292
950,1,0,.04690985
950,1,0,.93483669
950,1,0,-.30810413
950,1,0,.86430418
950,1,0,-.30810413
950,1,0,.20678371
950,1,0,1.366653
950,1,0,.43875763
950,1,0,.58295757
950,1,0,1.6307583
950,1,0,-.60982686
950,1,0,1.5265269
950,1,0,1.4959627
950,1,0,.28201851
950,1,0,1.4411041
950,1,0,1.0657139
950,1,0,-.33239874
950,1,0,2.1213515
950,1,0,1.7585006
950,1,0,1.0116389
953,1,1,-.79007685
953,1,1,-1.1129594
953,1,1,-1.3543376
953,1,1,-1.3002626
953,1,1,-.27832377
953,1,1,-.8370986
953,1,1,.042207677
953,1,1,-1.0894486
953,1,1,-.35982808
953,1,1,-.44916931
953,1,1,-1.011079
953,1,1,.017129475
953,1,1,-.30418569
953,1,1,-1.1599811
953,1,1,-1.0267528
953,1,1,-1.4295723
953,1,1,-.98129857
953,1,1,-.77675408
953,1,1,-1.0095116
953,1,1,1.4442387
953,1,1,-.13177271
953,1,1,-.61923122
953,1,1,.23499677
953,1,1,-1.2696985
953,1,1,-.82064098
953,1,1,-.98286599
953,1,1,-.77832144
953,1,0,1.1362464
953,1,0,-.98129857
953,1,0,.18013808
953,1,0,-.071428142
953,1,0,-.20700753
953,1,0,-.062023796
953,1,0,.60568464
953,1,0,-.45230415
953,1,0,-.67644107
953,1,0,-.17879447
953,1,0,-1.0471289
953,1,0,.77574664
953,1,0,1.0845226
953,1,0,-.12236837
953,1,0,-.39274329
953,1,0,-.036161881
953,1,0,-.24384111
953,1,0,-.49540734
953,1,0,-.57064217
953,1,0,-.16782269
953,1,0,-.89352465
953,1,0,.47637504
953,1,0,.04690985
953,1,0,.9842096
953,1,0,-.31515744
953,1,0,.81179661
953,1,0,.48186082
954,0,0,.69502604
954,0,0,1.7490963
954,0,0,1.1793498
954,0,0,.071988158
954,0,0,-.94133008
954,0,0,1.2969041
954,0,1,-.33553359
954,0,0,1.3838942
954,0,0,1.8494095
954,0,0,1.2553681
954,0,0,-.24462482
954,0,0,-1.1129594
954,0,0,-.2305183
954,0,0,-.63960737
954,0,0,-.50794655
954,0,0,-.15528359
954,0,0,-.75481057
954,0,1,.48499569
954,0,1,-.4609248
954,0,1,.077473938
954,0,1,.70678133
954,0,1,-1.2908583
954,0,1,-.89665943
954,0,1,.71775311
954,0,1,.31023157
954,0,1,1.0806041
954,0,1,-.61296171
954,0,1,-.10669441
954,0,0,.94737589
954,0,1,-1.4107636
954,0,0,1.4646147
954,0,0,1.1848356
954,0,0,.48421177
954,0,0,1.1291932
954,0,0,-.67095518
954,0,0,.94659215
954,0,0,.59863138
954,0,0,1.3290355
954,0,0,.55787933
954,0,0,.82668674
954,0,1,.52809888
954,0,1,-.24540854
954,0,1,-.56985843
954,0,1,-.15058142
954,0,1,.61587268
954,0,1,.086094581
954,0,1,-1.1129594
954,0,1,.020264225
954,0,0,.55787915
954,0,1,-1.1803572
954,0,1,-.47032914
957,0,0,-.16939011
957,0,0,-.32691285
957,0,1,-.90841484
957,0,1,-.90841484
957,0,1,-.42017263
957,0,1,-.11139659
957,0,0,-.82612687
957,0,0,.42151636
957,0,1,-.61374539
957,0,0,.2984761
957,0,0,-.87785071
957,0,1,-.34807268
957,0,1,-.82064098
957,0,1,-1.4295723
957,0,1,-1.2759681
957,0,1,-.66155082
957,0,1,-1.1278496
957,0,1,-1.1004202
957,0,1,-.35434219
957,0,0,-.61766386
957,0,0,-.48600298
957,0,0,-.79321164
957,0,1,-.77988881
957,0,1,-.50246066
957,0,0,-1.1004202
957,0,0,.10960556
957,0,0,-.44211608
957,0,1,-1.067505
957,0,1,-.99070287
957,0,1,-1.2101376
957,0,0,1.186403
957,0,1,-.73992038
957,0,1,.0092925513
957,0,0,-1.319855
957,0,0,-.54556388
957,0,1,-.27205417
957,0,0,.92229772
957,0,0,-.21014227
957,0,1,-.3872574
957,0,1,-1.2101376
957,0,1,-.85355622
957,0,1,-.67879206
957,0,0,-.18819882
957,0,0,.04064025
957,0,0,-.63647258
957,0,0,.71461844
957,0,0,.74753356
957,0,1,.16603157
957,0,0,.80082482
957,0,1,-1.3112344
957,0,0,-.55183345
957,0,1,-.69916821
957,0,0,.65192264
957,0,1,-.93584418
957,0,0,.19424461
957,0,0,-.10199223
957,0,0,-.53537589
957,0,1,-.93349314
961,0,0,.88546401
961,0,1,-.61766386
961,0,0,1.9779356
961,0,0,-1.203868
961,0,1,.21618807
961,0,0,-1.1004202
961,0,0,.2302946
961,0,0,-.55183345
961,0,0,1.2255878
961,0,0,.6871891
961,0,1,-1.1670344
961,0,1,-.87785077
961,0,1,1.3815433
961,0,0,.39095217
961,0,0,-.3684487
961,0,1,1.6675919
961,0,1,-1.4013593
961,0,0,2.4262092
961,0,1,-.40763354
961,0,0,-.22268137
961,0,0,-1.3010463
961,0,1,-.96640831
961,0,1,-1.1662507
961,0,0,1.3548974
961,0,0,1.5257431
961,0,1,.46618697
961,0,0,.58295757
961,0,0,-.45779005
961,0,0,1.2130487
961,0,1,-.80575079
961,0,0,.49204889
961,0,1,-.0032466529
961,0,1,-1.4131147
961,0,1,-.32612914
961,0,0,.72715747
961,0,0,.95834768
961,0,1,-.85747463
961,0,1,-.87941813
961,0,0,-.40136394
961,0,0,.53123373
961,0,0,2.5367105
961,0,1,.46618697
961,0,1,-.66625297
961,0,1,.27261418
961,0,1,-.4107683
962,0,0,1.4912604
962,0,1,.2302946
962,0,0,1.8729203
962,0,1,1.0014509
962,0,0,-.26970312
962,0,0,1.6205702
962,0,0,2.1472135
962,0,1,-.24775957
962,0,0,.47088906
962,0,1,-1.2258115
962,0,0,1.6417301
962,0,0,-1.1443073
962,0,0,2.0147691
962,0,0,2.1495647
962,0,0,-.91860294
962,0,1,-.64666063
962,0,0,1.4215117
962,0,1,-.24149008
962,0,1,-.88412029
962,0,1,-1.2508898
962,0,0,1.2083464
962,0,1,.032803323
962,0,0,1.8164941
962,0,0,1.6479995
962,0,1,1.3133616
962,0,1,-.66390193
962,0,1,1.5398496
962,0,0,-.070644431
962,0,1,-.82455945
962,0,1,.20129792
962,0,0,1.0249618
962,0,1,.19110987
962,0,1,-1.1552789
962,0,1,-1.0259691
962,0,1,-1.0941507
962,0,0,1.6715105
962,0,0,-.21170959
962,0,1,.026533827
962,0,1,-.048700981
962,0,0,-.097290166
962,0,1,.33060771
962,0,1,-.091020562
962,0,1,-.33710089
962,0,0,.3180685
962,0,0,-.37628564
962,0,0,.81414777
962,0,0,2.6832612
962,0,1,-.33553347
962,0,0,1.3823267
962,0,0,1.9254278
962,0,1,-1.4295723
962,0,1,-.99462134
962,0,0,.85098124
962,0,1,-.43584648
962,0,1,-.86844641
964,1,1,-1.3033974
964,1,1,-1.2704822
964,1,1,-1.1349028
964,1,1,-1.0173485
964,1,1,-.98521698
964,1,1,-.66076708
964,1,1,-1.1066898
964,1,1,-1.1631159
964,1,1,-.9060638
964,1,1,-.67644107
964,1,1,-.54399651
964,1,1,-.91860294
964,1,1,-.72973228
964,1,1,-1.1317681
964,1,1,.51085758
964,1,1,-.62079865
964,1,1,-1.3033974
964,1,1,-.50167692
964,1,1,-1.366093
964,1,1,-1.2367833
964,1,1,-1.2320811
964,1,1,-.95935512
964,1,1,-1.2485387
964,1,1,-.21014227
964,1,1,-.46876171
964,1,0,.79768997
964,1,0,-1.1443073
964,1,0,.028884862
964,1,0,.20678371
964,1,0,.026533827
964,1,0,-.23286943
964,1,0,.10490328
964,1,0,1.1354628
964,1,0,-.031459708
964,1,0,.55004245
964,1,0,.0053739846
964,1,0,-.79242796
964,1,0,.15662721
964,1,0,.66602927
964,1,0,-.11766618
964,1,0,.24753587
964,1,0,-.65371382
964,1,0,.75223589
964,1,0,.19894679
964,1,0,-.58631605
964,1,0,.83687484
964,1,0,1.2310736
965,0,0,-.44211608
965,0,0,-.3245618
965,0,0,.15505989
965,0,0,-.10042492
965,0,1,-.74305511
965,0,1,-.2932139
965,0,1,-.88098556
965,0,1,.026533827
965,0,1,.12841415
965,0,0,.10725442
965,0,0,.12841415
965,0,0,-.069077112
965,0,1,-.16625527
965,0,0,-1.1443073
965,0,0,1.2099138
965,0,0,2.7428222
965,0,1,-1.1317681
965,0,0,-.072211862
965,0,0,1.6119496
969,0,0,-.93584418
969,0,0,-1.0455616
969,0,0,-.33239874
969,0,1,-.99070287
969,0,1,-1.0408593
969,0,0,-.96875942
969,0,1,-1.2430528
969,0,0,-.22268137
969,0,0,-.091020562
969,0,1,-.88098556
969,0,0,-.078481458
969,0,1,.31258261
969,0,1,-.22268137
969,0,0,-.24775957
969,0,1,-.30732054
969,0,0,-.22895098
969,0,0,-.27754006
969,0,1,-1.0345899
969,0,0,-.55183345
969,0,0,1.0273128
969,0,1,-.63725621
969,0,1,-1.1827083
969,0,0,-1.1066898
969,0,1,-1.1881942
969,0,0,-.78223991
969,0,0,-.44211608
969,0,0,.71932054
969,0,0,.14095326
969,0,1,.35490218
969,0,1,-.99070287
969,0,1,-1.0251855
969,0,0,-.34572154
969,0,1,-.37158355
969,0,1,-1.4295723
969,0,0,1.9207255
969,0,1,-.2242488
969,0,1,-1.4295723
969,0,1,.33060771
969,0,0,-.62863559
969,0,1,-.43663019
969,0,0,-1.0784768
969,0,0,-1.1537116
969,0,0,-.033027131
969,0,0,1.070416
969,0,1,-1.0659376
969,0,1,-.81515515
969,0,1,.19267718
969,0,1,-1.4295723
969,0,0,-.99227029
969,0,0,.093931608
972,0,0,.47637504
972,0,0,-.35434219
972,0,1,-1.2869397
972,0,0,2.2240157
972,0,0,-1.0345899
972,0,0,1.256152
972,0,0,-.069077112
972,0,0,-.40920088
972,0,0,-.36374652
972,0,1,.661327
972,0,0,-.052619442
972,0,1,-1.3966571
972,0,1,-1.2101376
972,0,0,-.47659865
972,0,0,.10020121
972,0,1,-1.1066898
972,0,1,-.96875942
972,0,0,-.22268137
972,0,1,-.88098556
972,0,0,.34784898
972,0,0,.068853304
972,0,1,-.74462253
972,0,1,-.11296401
972,0,0,.37135977
972,0,0,-.40920088
972,0,1,-.23286943
972,0,1,-.82612687
972,0,0,.36509025
972,0,0,-.77126819
972,0,0,-.21014227
972,0,0,-.0032466529
972,0,1,-.66860408
972,0,1,-.7508921
972,0,0,-.50873023
972,0,1,-1.4295723
972,0,1,-.31750849
972,0,1,.12214456
972,0,0,-.10904555
972,0,1,-1.1443073
972,0,1,-1.067505
972,0,1,-.4546552
972,0,0,-.91546816
972,0,1,-.18506397
972,0,0,.9849931
973,1,1,-1.4131147
973,1,1,-1.4295723
973,1,1,.68640518
973,1,1,-1.3637419
973,1,1,-.78380728
973,1,1,.72559005
973,1,1,-.85355622
973,1,1,-.26029879
973,1,1,.41446316
973,1,1,-1.0737746
973,1,1,-1.2822376
973,1,1,-.68427795
973,1,1,-.87549967
973,1,1,-.78223997
973,1,1,-1.0486964
973,1,1,-.79869753
973,1,1,-1.3472843
973,1,1,-.86687899
973,1,1,1.790632
973,1,1,.21618807
973,1,1,.55552822
973,1,1,-.77126819
973,1,1,-1.2759681
973,1,1,-.57926279
973,1,1,-.072995573
973,1,0,-.33239874
973,1,0,1.6785637
973,1,0,.46697047
973,1,0,2.097841
973,1,0,-.76656598
973,1,0,1.6268399
973,1,0,1.250666
973,1,0,1.0641465
973,1,0,2.2616332
973,1,0,.47794247
973,1,0,.99439764
973,1,0,.83687484
973,1,0,1.3431422
973,1,0,2.4113188
973,1,0,2.2216647
973,1,0,-.53615957
973,1,0,1.1824845
973,1,0,.74518245
973,1,0,2.1973703
973,1,0,.58452499
973,1,0,1.6276234
973,1,0,1.1495694
973,1,0,2.4983091
973,1,0,.88938254
973,1,0,1.7969017
974,1,1,-1.3747137
974,1,1,-1.3637419
974,1,1,-1.1552789
974,1,1,-.86452794
974,1,1,-.60120624
974,1,1,-1.4131147
974,1,1,-.27754006
974,1,1,-1.4295723
974,1,1,-1.2085702
974,1,1,-1.2430528
974,1,1,.009292447
974,1,1,.98734444
974,1,1,-.68506169
974,1,1,-.74932474
974,1,1,-.17409229
974,1,1,-.73129976
974,1,1,-1.3747137
974,1,1,.73734552
974,1,1,-.99070287
974,1,1,-.77048445
974,1,1,.089229435
974,1,1,-.40606612
974,1,1,-.83866596
974,1,1,-.61766386
974,1,1,-.88568771
974,1,1,.042207677
974,1,0,.020264225
974,1,0,1.2106975
974,1,0,-.39352691
974,1,0,.80239224
974,1,0,.081392504
974,1,0,1.2616378
974,1,0,-1.1004202
974,1,0,.67151505
974,1,0,.76634228
974,1,0,1.1338953
974,1,0,2.1033268
974,1,0,.013994622
974,1,0,2.3180592
974,1,0,-.013434717
974,1,0,.98969537
974,1,0,-.45779005
974,1,0,.6346814
974,1,0,2.1252704
974,1,0,1.824331
974,1,0,1.38938
974,1,0,-.76656598
974,1,0,1.4136747
974,1,0,1.2718259
974,1,0,.11744248
974,1,0,.74674988
974,1,0,2.2200973
974,1,0,1.649567
974,1,0,2.4544225
974,1,0,1.5312289
975,0,0,.52496403
975,0,0,.14252068
975,0,0,1.0492563
975,0,0,1.7153976
975,0,0,-.36139551
975,0,1,-1.4131147
975,0,0,-.25873134
975,0,0,-.15998577
975,0,0,-.13960963
975,0,0,.48186082
975,0,1,-.6772247
975,0,0,1.5602257
975,0,1,-1.3637419
975,0,1,.18092181
975,0,1,-1.319855
975,0,1,-.62158239
975,0,1,-1.1254985
975,0,1,.22480871
975,0,1,-.61139429
975,0,1,-.65371382
975,0,1,-.71170729
975,0,1,-.76970077
975,0,0,-1.2070028
975,0,1,-1.3747137
975,0,0,.17543592
975,0,1,-.99853987
975,0,1,-.19054985
975,0,0,-.039296631
975,0,0,-.11923351
975,0,0,-.9060638
975,0,0,-.73051602
975,0,0,-.5048117
975,0,1,-.23286943
978,1,1,-1.2446202
978,1,1,-1.0526148
978,1,1,-.39274329
978,1,1,-1.319855
978,1,1,-.84258449
978,1,1,-.68349427
978,1,1,-.99070287
978,1,1,-.13020529
978,1,1,-1.0565333
978,1,1,-.83082902
978,1,1,-.9060638
978,1,1,-.55183345
978,1,1,-1.4295723
978,1,1,.17230116
978,1,1,-1.3966571
978,1,1,-.51108128
978,1,1,-1.1129594
978,1,1,-1.3919549
978,1,1,.086094581
978,1,1,-.41390303
978,1,1,-.88098556
978,1,1,.91837931
978,1,1,-1.2704822
978,1,1,.21070218
978,1,1,-.3167249
978,1,1,-1.2101376
978,1,1,-.031459708
978,1,0,-1.1372539
978,1,0,-1.2101376
978,1,0,-.51264864
978,1,0,-1.1693854
978,1,0,-.26656827
978,1,0,-.26343352
978,1,0,1.0476888
978,1,0,-1.2634289
978,1,0,-.10355966
978,1,0,.24910329
978,1,0,-1.067505
978,1,0,-.50559539
978,1,0,-1.2869397
978,1,0,-.097290166
978,1,0,-.1372586
978,1,0,-1.0330225
978,1,0,-.49227259
978,1,0,1.0696324
978,1,0,-.67565733
978,1,0,-1.4295723
978,1,0,-.24775957
978,1,0,-.011083578
978,1,0,-.33239874
978,1,0,1.0171247
978,1,0,-.36688128
978,1,0,.31023157
978,1,0,-.017353179
978,1,0,2.5892177
978,1,0,1.2498823
978,1,0,2.1707244
978,1,1,-1.3966571
983,0,0,-.51891822
983,0,0,-.11766618
983,0,0,.9403227
983,0,1,-.83866596
983,0,1,-.99070287
983,0,1,-.83161277
983,0,0,-.1929009
983,0,0,.43562278
983,0,1,-.65606493
983,0,0,-.52989
983,0,1,-.95465291
983,0,0,-.0032466529
983,0,1,-.81515515
983,0,1,-.88098556
983,0,0,-.32848027
983,0,0,1.8063061
983,0,0,-.51108128
983,0,1,-.60669214
983,0,1,-.44211608
983,0,0,-.10982926
983,0,0,1.2647727
983,0,1,-.84807032
983,0,0,.086878292
983,0,1,-.77126819
983,0,1,-.54086167
983,0,0,-.70230299
983,0,0,1.0390682
983,0,0,.22089024
983,0,1,1.1456507
983,0,1,.41211179
983,0,1,-.78223991
983,0,0,1.5633606
983,0,1,-.86452794
983,0,0,-.18192922
1006,1,1,-.62079865
1006,1,1,-.026757531
1006,1,1,-1.319855
1006,1,1,-.89195728
1006,1,1,-1.2979115
1006,1,1,.012427196
1006,1,1,-.49854219
1006,1,1,-.88098556
1006,1,1,.94659215
1006,1,1,-.94368118
1006,1,1,-.77126819
1006,1,1,1.2592866
1006,1,1,.4983184
1006,1,1,-.097290166
1006,1,1,-.40606612
1006,1,1,-.88098556
1006,1,1,-.32926399
1006,1,1,-.13647489
1006,1,1,-.66155082
1006,1,1,-.48130083
1006,1,1,.095498927
1006,1,1,1.0022346
1006,1,1,.021831546
1006,1,1,.67543364
1006,1,1,-.7164095
1006,1,1,.33609349
1006,1,1,-.53851062
1006,1,1,.49126518
1006,1,0,-.50324428
1006,1,0,-.31359002
1006,1,0,-.65919971
1006,1,0,-.52832258
1006,1,0,-.12550311
1006,1,0,-.58239752
1006,1,0,-1.1443073
1006,1,0,-.10982916
1006,1,0,.089229435
1006,1,0,-.57847905
1006,1,0,.30239454
1006,1,0,1.3117943
1006,1,0,-.024406495
1006,1,0,.14487183
1006,1,0,-.0063814018
1006,1,0,-.51421607
1006,1,0,-1.0063767
1006,1,0,-1.2101376
1006,1,0,-.53302473
1006,1,0,.11117288
1006,1,0,-.89352465
1006,1,0,-.51421607
1006,1,0,.25850755
1006,1,0,-.48443568
1006,1,0,.04690985
1006,1,0,-.52989
1006,1,0,-.36374652
1006,1,0,-.78850943
1008,0,1,.34706527
1008,0,1,-1.0267528
1008,0,1,-1.1834919
1008,0,1,.15976197
1008,0,0,-.63960737
1008,0,1,-1.4295723
1008,0,0,-.50794655
1008,0,1,-.96875942
1008,0,0,.4058423
1008,0,1,-.42017263
1008,0,0,-.48286825
1008,0,0,.22245756
1008,0,1,-.28224224
1008,0,0,-.36139551
1008,0,0,-.67879206
1008,0,0,-.19054985
1008,0,0,.38703361
1008,0,0,-.15841834
1008,0,1,-1.4295723
1008,0,0,-.48443556
1008,0,0,-.89665943
1008,0,0,1.1056825
1008,0,0,.42151636
1008,0,1,-.43663019
1008,0,1,.11744248
1008,0,1,-.24149008
1008,0,1,-.88098556
1008,0,1,-1.0345899
1008,0,0,-.33318245
1008,0,0,.012427196
1008,0,1,.29769236
1008,0,0,-.74618989
1008,0,0,-.71484208
1008,0,1,-1.3637419
1008,0,1,-.93427682
1008,0,1,-.48835415
1008,0,1,-1.2979115
1008,0,0,-.23522048
1008,0,0,-.67879206
1008,0,0,.96931946
1008,0,1,-1.0878811
1008,0,1,-.87785071
1008,0,1,.20051421
1008,0,0,-1.0236181
1008,0,1,-.93114203
1008,0,0,-.85590726
1008,0,0,-.21014227
1008,0,1,-.77126819
1008,0,0,-.073779181
1008,0,1,-.75559425
1008,0,0,-.27754006
1008,0,1,-1.147442
1010,0,1,-1.2524571
1010,0,0,1.6762128
1010,0,0,.44502714
1010,0,0,-.73992038
1010,0,1,-.94524854
1010,0,0,.58844334
1010,0,0,-1.1991659
1010,0,0,1.7240181
1010,0,0,.93718785
1010,0,1,-1.4037104
1010,0,0,-.35042372
1010,0,1,.25223804
1010,0,1,-.31045517
1010,0,1,-.23365314
1010,0,1,1.1746476
1010,0,0,.88938254
1010,0,0,-.19133358
1010,0,0,1.8674343
1010,0,0,.7483173
1010,0,1,-1.4037104
1010,0,1,-1.3825506
1010,0,1,1.2600704
1010,0,0,-.11766618
1010,0,1,-.27910748
1010,0,0,.91602796
1010,0,0,-.95308548
1010,0,0,1.3627346
1010,0,0,.28436968
1010,0,1,-1.3010463
1010,0,1,1.3086594
1010,0,1,-1.255592
1010,0,1,-1.0533985
1010,0,0,-.83866602
1010,0,0,.69580978
1010,0,0,1.3016062
1010,0,0,1.2381269
1010,0,0,-1.1850593
1010,0,1,-1.4295723
1010,0,0,-1.3261245
1010,0,1,-1.0345899
1010,0,0,-.67408991
1010,0,0,-1.1262822
1010,0,1,-.87785071
1010,0,0,1.2663399
1010,0,0,1.9936094
1010,0,1,-.083183534
1010,0,1,-.89665943
1010,0,1,-1.039292
1010,0,1,-1.3919549
1010,0,1,-.98756808
1010,0,1,-1.4013593
1010,0,0,-.46562696
1010,0,1,-1.3104507
1010,0,1,-1.0533985
1012,1,1,-1.2258115
1012,1,1,-.802616
1012,1,1,-.84963775
1012,1,1,-.88882244
1012,1,1,-.13490747
1012,1,1,-.50794655
1012,1,1,-.44446722
1012,1,1,-.57064217
1012,1,1,-1.1004202
1012,1,1,.14879028
1012,1,1,-.10982926
1012,1,1,-.4170379
1012,1,1,-.98756808
1012,1,1,-.86687899
1012,1,1,-.2932139
1012,1,1,-.65214646
1012,1,1,.19424461
1012,1,1,.27731636
1012,1,1,.5343684
1012,1,1,-.90919858
1012,1,1,.83217275
1012,1,0,.39643794
1012,1,0,-.13177271
1012,1,0,-.80575079
1012,1,0,-.6772247
1012,1,0,1.1033313
1012,1,0,.15976197
1012,1,0,1.152704
1012,1,0,-.42800957
1012,1,0,-.053403158
1012,1,0,-.51264864
1012,1,0,1.6871843
1012,1,0,-.56593996
1012,1,0,.45756635
1012,1,0,.071988158
1012,1,0,1.7044256
1012,1,0,1.2937695
1012,1,0,.076690227
1012,1,0,2.5751114
1012,1,0,1.0892247
1012,1,0,2.5531678
1014,1,1,-.49854219
1014,1,1,-.70857257
1014,1,1,-.89352465
1014,1,1,-.028324854
1014,1,1,-.86844641
1014,1,1,-1.000891
1014,1,1,-1.0988529
1014,1,1,-.7775377
1014,1,1,-1.0533985
1014,1,1,-.58396494
1014,1,1,-1.0251855
1014,1,1,-.14196078
1014,1,1,-1.319855
1014,1,1,-1.057317
1014,1,1,-.60669214
1014,1,1,-.40136394
1014,1,1,.073555477
1014,1,1,.50145322
1014,1,1,-.087885812
1014,1,1,-.78694206
1014,1,1,.1307652
1014,1,1,-1.0565333
1014,1,1,-.34807259
1014,1,1,-.13647489
1014,1,1,-1.0408593
1014,1,1,-1.1356865
1014,1,1,-.30261827
1014,1,0,.41681409
1014,1,0,.39095217
1014,1,0,-1.1160941
1014,1,0,-.88098556
1014,1,0,.075122908
1014,1,0,-.7062214
1014,1,0,-.051835731
1014,1,0,-.93427682
1014,1,0,-.24775957
1014,1,0,-.31045529
1014,1,0,.11665877
1014,1,0,-.67408991
1014,1,0,.55082595
1014,1,0,-.072211862
1014,1,0,.50380439
1014,1,0,-.037729204
1014,1,0,.28515327
1014,1,0,.13781852
1014,1,0,.78436726
1014,1,0,.58530849
1014,1,0,-.29791617
1014,1,0,-.83239639
1014,1,0,.31650108
1014,1,0,.45913377
1014,1,0,1.0719833
1014,1,0,.73891294
1015,1,1,-1.4295723
1015,1,1,-1.4295723
1015,1,1,-.23522058
1015,1,1,-.76813334
1015,1,1,-.87314862
1015,1,1,-.65528119
1015,1,1,-.36766499
1015,1,1,.057881523
1015,1,1,-.21327703
1015,1,1,1.4011354
1015,1,1,-.27910748
1015,1,1,-.44211608
1015,1,1,.22245756
1015,1,1,1.6291908
1015,1,1,.64016736
1015,1,1,-.33239874
1015,1,1,-1.0439942
1015,1,1,.3117989
1015,1,1,-.10042492
1015,1,1,-.20700753
1015,1,1,1.3157128
1015,1,1,.28201851
1015,1,0,-.41390303
1015,1,0,-.033027131
1015,1,0,1.0782531
1015,1,0,.18170552
1015,1,0,-1.0251855
1015,1,0,1.6119496
1015,1,0,1.1025475
1015,1,0,1.4536432
1015,1,0,-.52989
1015,1,0,.35882056
1015,1,0,-.091020562
1015,1,0,-.70543778
1015,1,0,.21618807
1015,1,0,.53123373
1015,1,0,2.0774648
1015,1,0,.62997931
1015,1,0,-.048700981
1015,1,0,2.2992504
1015,1,0,-.072211862
1015,1,0,.32590541
1015,1,0,1.1769987
1015,1,0,.20364897
1015,1,0,2.282793
1015,1,0,.49048147
1015,1,1,-1.0001073
1020,1,1,-1.2007333
1020,1,1,-.88412029
1020,1,1,-.81515515
1020,1,1,-.18819872
1020,1,1,-.92487246
1020,1,1,-.49462363
1020,1,1,-1.3308268
1020,1,1,.90662384
1020,1,1,-.78694206
1020,1,1,.6315465
1020,1,1,-.81828988
1020,1,1,-.78459096
1020,1,1,-.17565961
1020,1,1,-.77440298
1020,1,1,-.072211862
1020,1,1,-.031459708
1020,1,1,.76712602
1020,1,1,.91524446
1020,1,1,-.48835415
1020,1,1,1.1048987
1020,1,1,-.51421607
1020,1,1,-.6082595
1020,1,0,-1.3355289
1020,1,0,1.5022322
1020,1,0,-.26656827
1020,1,0,.54142177
1020,1,0,1.4646147
1020,1,0,1.4638313
1020,1,0,.40349117
1020,1,0,1.4646147
1020,1,0,1.6166518
1020,1,0,2.035929
1020,1,0,1.7702563
1020,1,0,1.0484726
1020,1,0,1.2067791
1020,1,0,.95051056
1020,1,0,2.5288732
1020,1,0,1.5719812
1020,1,0,1.5132042
1020,1,0,1.2694747
1020,1,0,1.6299745
1020,1,0,2.4559894
